Rk,Player,Pos,Age,Tm,G,MP,PER,TS%,3PAr,FTr,ORB%,DRB%,TRB%,AST%,STL%,BLK%,TOV%,USG%,,OWS,DWS,WS,WS/48,,OBPM,DBPM,BPM,VORP
1,Alex Abrines\abrinal01,SG,25,OKC,29,573,6.5,.510,.810,.085,0.9,7.7,4.2,4.4,1.4,0.9,8.1,12.3,,0.1,0.6,0.7,.061,,-2.3,-0.6,-2.9,-0.1
2,Quincy Acy\acyqu01,PF,28,PHO,6,50,-1.9,.193,1.000,.667,4.4,9.2,6.8,2.4,1.0,1.7,11.4,7.6,,-0.1,0.0,-0.1,-0.082,,-6.6,-1.0,-7.5,-0.1
3,Jaylen Adams\adamsja01,PG,22,ATL,9,43,7.9,.400,.600,.000,0.0,7.6,3.7,18.1,3.2,2.0,9.1,10.4,,0.0,0.0,0.0,.038,,-4.1,-0.2,-4.3,0.0
4,Steven Adams\adamsst01,C,25,OKC,44,1507,20.2,.612,.002,.437,13.9,16.7,15.3,7.1,2.1,1.9,11.1,16.8,,3.6,2.5,6.1,.195,,1.3,2.1,3.4,2.0
5,Bam Adebayo\adebaba01,C,21,MIA,44,967,17.2,.602,.034,.496,10.0,22.0,16.0,14.3,1.6,3.4,17.0,15.3,,1.7,1.6,3.3,.162,,-0.6,3.3,2.7,1.1
6,Deng Adel\adelde01,F,21,CLE,1,5,37.1,1.500,1.000,.000,21.6,23.3,22.4,0.0,0.0,0.0,0.0,8.9,,0.0,0.0,0.0,.342,,13.7,-9.9,3.8,0.0
7,DeVaughn Akoon-Purcell\akoonde01,SG,25,DEN,7,22,8.5,.322,.400,.200,4.9,14.9,9.9,37.1,4.5,0.0,15.5,25.1,,-0.1,0.0,0.0,-0.050,,-4.1,0.5,-3.5,0.0
8,LaMarcus Aldridge\aldrila01,C,33,SAS,47,1530,21.9,.565,.020,.321,9.7,19.0,14.4,12.3,0.8,3.1,9.4,27.3,,3.1,1.6,4.7,.148,,0.8,0.2,1.0,1.2
9,Rawle Alkins\alkinra01,SG,21,CHI,2,4,61.2,.375,.250,.000,80.8,0.0,40.8,92.5,12.2,0.0,0.0,44.3,,0.0,0.0,0.0,.534,,43.8,22.2,66.0,0.1
10,Grayson Allen\allengr01,SG,23,UTA,21,237,4.5,.470,.633,.333,0.5,2.7,1.6,9.1,0.4,0.7,11.9,21.4,,-0.3,0.2,-0.1,-0.019,,-4.2,-3.6,-7.8,-0.4
11,Jarrett Allen\allenja01,C,20,BRK,45,1213,20.1,.627,.080,.481,10.6,24.5,17.5,8.1,1.0,4.7,12.2,17.0,,2.9,1.6,4.5,.178,,0.1,2.7,2.8,1.5
12,Al-Farouq Aminu\aminual01,PF,28,POR,47,1414,13.1,.568,.510,.290,5.7,22.5,14.3,4.9,1.6,1.0,8.9,13.2,,1.8,1.8,3.6,.122,,0.1,1.0,1.1,1.1
13,Justin Anderson\anderju01,SG,25,ATL,24,204,9.1,.476,.449,.217,5.1,14.3,9.6,7.6,2.0,2.9,13.7,17.4,,-0.1,0.2,0.0,.010,,-4.2,-0.2,-4.4,-0.1
14,Kyle Anderson\anderky01,SF,25,MEM,41,1217,13.3,.569,.132,.229,4.0,18.9,11.3,15.5,2.2,2.8,15.2,12.6,,0.9,1.8,2.7,.106,,-1.9,3.5,1.7,1.1
15,Ryan Anderson\anderry01,PF,30,PHO,15,278,4.7,.423,.567,.233,5.6,12.9,9.1,8.1,0.5,0.3,15.4,12.2,,-0.2,0.0,-0.2,-0.034,,-4.2,-1.9,-6.1,-0.3
16,Ike Anigbogu\anigbik01,C,20,IND,3,6,-6.0,.000,.000,.000,19.1,36.2,27.9,19.1,0.0,14.9,25.0,29.1,,-0.1,0.0,-0.1,-0.470,,-22.4,8.6,-13.8,0.0
17,Giannis Antetokounmpo\antetgi01,PF,24,MIL,42,1386,29.3,.631,.137,.541,7.8,30.2,19.7,29.8,2.0,3.8,16.0,31.8,,4.4,3.3,7.7,.267,,4.6,5.3,9.9,4.2
18,Carmelo Anthony\anthoca01,PF,34,HOU,10,294,11.2,.513,.529,.182,3.4,17.9,10.4,2.7,0.7,2.0,5.8,20.7,,0.1,0.2,0.2,.039,,-2.9,-3.4,-6.2,-0.3
19,OG Anunoby\anunoog01,SF,21,TOR,39,815,9.9,.524,.504,.140,4.2,11.3,7.8,4.7,1.5,1.0,8.8,16.3,,0.2,0.9,1.0,.060,,-1.1,-0.5,-1.6,0.1
20,Ryan Arcidiacono\arcidry01,PG,24,CHI,45,1172,10.9,.604,.671,.208,1.1,9.1,5.1,18.9,1.9,0.1,13.9,10.4,,1.5,0.6,2.1,.085,,-0.2,-0.8,-1.0,0.3
21,Trevor Ariza\arizatr01,SF,33,TOT,41,1458,10.7,.506,.602,.188,2.2,16.0,8.9,14.6,2.1,0.6,13.3,15.9,,0.0,0.9,0.9,.029,,-1.0,0.1,-0.9,0.4
21,Trevor Ariza\arizatr01,SF,33,PHO,26,884,10.7,.525,.612,.189,2.0,16.8,9.3,13.5,2.1,0.8,13.7,14.0,,0.2,0.5,0.7,.040,,-1.0,0.5,-0.5,0.3
21,Trevor Ariza\arizatr01,SF,33,WAS,15,574,10.7,.485,.590,.185,2.4,14.6,8.4,16.3,2.2,0.3,13.0,18.9,,-0.2,0.4,0.2,.013,,-1.0,-0.5,-1.5,0.1
22,D.J. Augustin\augusdj01,PG,31,ORL,45,1259,15.3,.629,.486,.336,1.9,6.5,4.1,25.3,0.9,0.0,14.0,16.9,,2.8,0.6,3.4,.129,,1.8,-2.8,-1.1,0.3
23,Deandre Ayton\aytonde01,C,20,PHO,47,1448,21.5,.619,.004,.220,11.4,27.6,19.3,11.1,1.2,2.7,11.8,21.1,,3.2,1.3,4.5,.148,,0.8,0.7,1.5,1.3
24,Dwayne Bacon\bacondw01,SG,23,CHO,22,242,12.1,.629,.278,.152,0.9,14.8,7.8,9.8,0.6,0.0,12.5,17.1,,0.3,0.1,0.4,.081,,-1.5,-2.5,-4.0,-0.1
25,Marvin Bagley\baglema01,PF,19,SAC,32,739,17.5,.580,.117,.434,10.0,18.5,14.2,5.5,1.0,3.5,13.3,22.4,,0.8,0.7,1.5,.100,,-1.4,-0.4,-1.8,0.0
26,Ron Baker\bakerro01,SG,25,TOT,15,152,2.6,.309,.650,.300,0.7,7.3,3.9,12.6,1.9,0.6,18.1,7.7,,-0.2,0.1,-0.1,-0.037,,-5.6,-0.8,-6.4,-0.2
26,Ron Baker\bakerro01,SG,25,NYK,11,107,4.5,.376,.563,.375,0.9,6.1,3.4,15.7,2.2,0.0,13.9,8.5,,0.0,0.0,0.0,-0.001,,-4.2,-1.4,-5.7,-0.1
26,Ron Baker\bakerro01,SG,25,WAS,4,45,-1.9,.000,1.000,.000,0.0,9.9,4.9,5.2,1.1,1.9,33.3,5.7,,-0.1,0.0,-0.1,-0.121,,-9.0,0.8,-8.1,-0.1
27,Wade Baldwin\baldwwa01,PG,22,POR,13,72,2.4,.422,.269,.423,1.5,11.4,6.6,18.7,0.0,2.2,26.3,24.7,,-0.3,0.0,-0.2,-0.148,,-9.1,-2.1,-11.1,-0.2
28,Lonzo Ball\balllo01,PG,21,LAL,47,1423,11.9,.487,.500,.105,4.0,13.7,9.0,23.8,2.3,1.1,17.8,16.9,,-0.1,2.0,1.9,.063,,-0.8,1.7,0.9,1.0
29,Mohamed Bamba\bambamo01,C,20,ORL,41,680,14.9,.527,.299,.253,8.6,24.3,16.3,8.3,0.9,6.9,13.1,18.4,,0.1,1.1,1.2,.084,,-3.3,2.9,-0.4,0.3
30,J.J. Barea\bareajo01,PG,34,DAL,38,752,16.5,.495,.332,.203,1.9,11.5,6.8,47.7,1.4,0.1,14.7,27.8,,0.5,0.6,1.2,.074,,1.3,-2.1,-0.8,0.2
31,Harrison Barnes\barneha02,SF,26,DAL,41,1322,14.1,.552,.443,.283,2.6,11.3,7.0,5.6,1.1,0.6,7.6,23.4,,1.3,1.0,2.4,.086,,-0.1,-2.1,-2.2,-0.1
32,Will Barton\bartowi01,SG,28,DEN,6,128,12.6,.522,.455,.182,3.4,17.1,10.2,17.7,0.4,2.1,11.9,22.6,,0.1,0.1,0.2,.079,,-1.0,-1.6,-2.6,0.0
33,Keita Bates-Diop\bateske01,SF,23,MIN,3,25,-4.6,.222,.444,.000,0.0,17.4,8.5,0.0,0.0,3.4,10.0,16.9,,-0.1,0.0,-0.1,-0.219,,-13.4,-3.8,-17.2,-0.1
34,Nicolas Batum\batumni01,SF,30,CHO,45,1377,11.8,.587,.476,.179,3.0,15.1,9.0,15.1,1.5,1.2,17.7,13.0,,1.2,1.2,2.4,.082,,-0.1,1.0,0.9,1.0
35,Jerryd Bayless\bayleje01,PG,30,MIN,8,78,0.9,.282,.444,.111,2.7,5.6,4.1,18.3,1.8,0.0,15.0,18.0,,-0.3,0.0,-0.2,-0.143,,-7.2,-2.7,-9.9,-0.2
36,Aron Baynes\baynear01,C,32,BOS,28,409,15.9,.582,.336,.319,13.5,19.4,16.4,11.2,0.5,3.3,13.9,16.7,,0.9,0.6,1.4,.169,,0.3,1.0,1.3,0.3
37,Kent Bazemore\bazemke01,SG,29,ATL,35,959,14.5,.546,.411,.272,2.2,13.4,7.7,14.6,2.9,2.8,14.0,22.1,,0.2,1.0,1.2,.061,,-0.8,0.9,0.1,0.5
38,Bradley Beal\bealbr01,SG,25,WAS,45,1672,19.4,.568,.368,.238,3.2,11.8,7.5,22.2,1.7,1.9,11.3,28.3,,2.3,0.9,3.2,.093,,2.8,-1.1,1.7,1.6
39,Malik Beasley\beaslma01,SG,22,DEN,45,1040,13.8,.609,.541,.062,2.1,10.3,6.2,7.7,1.3,0.5,6.6,16.8,,1.7,0.8,2.5,.117,,1.5,-1.8,-0.3,0.4
40,Michael Beasley\beaslmi01,PF,30,LAL,19,185,17.7,.564,.132,.292,4.0,15.5,9.9,12.0,1.8,2.6,14.3,31.3,,0.0,0.3,0.2,.061,,-3.1,-1.0,-4.1,-0.1
41,Marco Belinelli\belinma01,SG,32,SAS,45,1002,13.5,.565,.566,.208,1.0,10.2,5.6,11.7,1.2,0.5,8.1,20.7,,1.2,0.7,1.8,.088,,1.5,-2.4,-0.9,0.3
42,Jordan Bell\belljo01,C,24,GSW,43,474,13.6,.554,.010,.212,7.1,17.1,12.3,13.0,1.4,6.1,16.9,11.8,,0.5,0.6,1.1,.115,,-2.3,3.3,1.0,0.4
43,DeAndre' Bembry\bembrde01,SG,24,ATL,45,1121,10.2,.501,.308,.228,2.4,16.7,9.4,14.9,2.4,1.9,17.0,17.5,,-0.7,1.1,0.4,.018,,-3.4,1.2,-2.2,-0.1
44,Dragan Bender\bendedr01,PF,21,PHO,14,108,5.2,.432,.593,.259,5.1,13.9,9.4,8.8,0.4,0.8,16.6,14.5,,-0.1,0.0,-0.1,-0.048,,-5.0,-2.6,-7.6,-0.2
45,Davis Bertans\bertada01,PF,26,SAS,43,861,14.9,.699,.771,.119,2.2,16.6,9.5,7.4,1.1,2.0,8.8,13.5,,1.8,0.8,2.7,.148,,3.1,-0.2,2.9,1.1
46,Patrick Beverley\beverpa01,PG,30,LAC,45,1122,9.4,.519,.597,.286,3.2,13.2,8.4,17.4,1.1,1.4,14.9,12.4,,0.8,0.7,1.5,.066,,0.1,0.4,0.5,0.7
47,Khem Birch\birchkh01,C,26,ORL,20,178,16.5,.572,.026,.500,9.0,20.6,14.7,8.8,1.7,4.7,7.9,12.5,,0.3,0.3,0.6,.162,,-2.3,2.9,0.6,0.1
48,Bismack Biyombo\biyombi01,C,26,CHO,20,271,16.9,.598,.000,.450,12.2,24.3,18.2,5.6,0.9,7.7,13.3,13.1,,0.5,0.4,0.9,.156,,-2.2,3.5,1.3,0.2
49,Nemanja Bjelica\bjeline01,PF,30,SAC,46,1117,15.7,.598,.437,.165,6.6,18.8,12.6,11.7,1.5,2.8,12.9,16.7,,1.7,1.2,2.8,.122,,1.2,1.3,2.5,1.3
50,Antonio Blakeney\blakean01,SG,22,CHI,35,549,11.8,.509,.257,.199,1.0,11.4,6.1,6.0,0.9,1.1,7.8,25.9,,-0.5,0.2,-0.3,-0.024,,-4.2,-3.9,-8.1,-0.8
51,Eric Bledsoe\bledser01,PG,29,MIL,45,1313,19.3,.584,.386,.234,3.8,11.5,7.9,27.4,2.3,1.2,13.5,22.4,,2.7,2.2,4.9,.181,,2.7,1.0,3.6,1.9
52,Jaron Blossomgame\blossja01,SF,25,CLE,21,363,11.3,.559,.370,.136,6.0,19.6,12.5,4.4,1.0,1.4,9.5,11.6,,0.3,0.0,0.4,.046,,-2.0,-1.5,-3.5,-0.1
53,Bogdan Bogdanovic\bogdabo01,SG,26,SAC,34,948,15.0,.547,.425,.180,1.5,11.8,6.6,20.2,1.5,0.6,11.4,23.4,,0.8,0.6,1.4,.073,,1.1,-1.7,-0.6,0.3
54,Bojan Bogdanovic\bogdabo02,SF,29,IND,45,1425,14.8,.616,.391,.290,1.9,12.0,7.1,7.8,1.3,0.0,10.7,20.0,,2.0,1.7,3.7,.126,,1.0,-1.1,-0.1,0.7
55,Jonah Bolden\boldejo01,PF,23,PHI,22,283,9.8,.591,.547,.250,8.2,21.9,15.3,6.2,0.8,4.2,24.5,14.0,,-0.1,0.4,0.3,.058,,-3.1,1.1,-2.0,0.0
56,Isaac Bonga\bongais01,PG,19,LAL,6,22,9.8,.322,.125,.375,9.6,9.0,9.3,22.9,6.4,0.0,17.7,21.3,,-0.1,0.0,0.0,-0.025,,-5.4,3.3,-2.1,0.0
57,Devin Booker\bookede01,SG,22,PHO,34,1191,18.7,.561,.357,.313,1.9,10.1,5.9,34.9,1.3,0.4,14.7,32.0,,1.2,0.2,1.5,.060,,3.4,-3.1,0.3,0.7
58,Chris Boucher\bouchch01,PF,26,TOR,14,71,27.2,.576,.556,.250,12.4,19.3,16.0,0.0,1.4,18.1,4.8,25.5,,0.2,0.2,0.4,.246,,-0.5,2.5,2.0,0.1
59,Avery Bradley\bradlav01,SG,28,LAC,39,1125,4.9,.449,.384,.053,2.4,6.2,4.4,8.9,0.9,1.0,13.2,14.2,,-1.0,0.4,-0.7,-0.028,,-2.7,-0.7,-3.4,-0.4
60,Tony Bradley\bradlto01,C,21,UTA,1,9,-10.4,.000,.000,.000,24.6,12.0,18.2,0.0,0.0,0.0,25.0,19.2,,-0.1,0.0,-0.1,-0.341,,-17.4,-5.4,-22.8,0.0
61,Corey Brewer\breweco01,SG,32,PHI,1,8,25.4,.750,.500,.000,0.0,25.8,13.4,34.3,5.9,0.0,0.0,10.5,,0.0,0.0,0.1,.355,,5.3,3.0,8.3,0.0
62,Mikal Bridges\bridgmi01,SF,22,PHO,47,1236,10.8,.555,.568,.162,2.4,10.2,6.2,8.4,2.6,1.7,9.7,12.6,,0.8,0.8,1.5,.060,,-0.6,0.6,0.0,0.6
63,Miles Bridges\bridgmi02,SF,20,CHO,43,832,12.0,.532,.412,.204,3.2,17.2,10.1,7.4,1.2,2.8,8.1,15.3,,0.5,0.8,1.3,.075,,-1.8,0.4,-1.4,0.1
64,Isaiah Briscoe\briscis01,PG,22,ORL,24,254,5.9,.454,.225,.197,0.8,10.9,5.8,20.3,0.6,0.0,14.4,15.7,,-0.2,0.1,-0.1,-0.010,,-5.3,-2.3,-7.7,-0.4
65,Ryan Broekhoff\broekry01,SG,28,DAL,18,111,10.9,.568,.784,.054,2.0,12.3,7.3,9.6,0.4,1.5,11.7,16.5,,0.1,0.1,0.1,.063,,-1.0,-1.9,-3.0,0.0
66,Malcolm Brogdon\brogdma01,SG,26,MIL,42,1230,17.6,.626,.316,.193,3.7,11.9,8.1,16.6,1.0,0.7,11.7,20.3,,2.8,1.6,4.4,.170,,1.8,-0.2,1.6,1.1
67,Dillon Brooks\brookdi01,SF,23,MEM,18,330,7.8,.499,.328,.246,3.1,7.8,5.4,7.8,1.5,1.2,12.3,21.4,,-0.3,0.3,-0.1,-0.007,,-4.1,-1.8,-5.9,-0.3
68,MarShon Brooks\brookma01,SG,30,MEM,29,387,11.9,.518,.320,.195,3.5,10.0,6.7,11.2,1.2,1.0,10.3,24.2,,-0.2,0.3,0.1,.015,,-2.8,-2.5,-5.4,-0.3
69,Bruce Brown\brownbr01,SG,22,DET,38,764,7.8,.473,.291,.206,4.2,11.9,7.9,9.9,1.3,2.0,12.0,13.1,,0.0,0.8,0.8,.048,,-3.5,1.4,-2.0,0.0
70,Jaylen Brown\brownja02,SG,22,BOS,41,1071,12.1,.524,.352,.272,4.0,13.2,8.6,8.1,1.6,2.1,11.3,21.7,,-0.1,1.5,1.4,.063,,-2.2,0.1,-2.1,0.0
71,Lorenzo Brown\brownlo01,PG,28,TOR,26,212,6.5,.380,.394,.042,2.6,12.9,7.9,17.2,2.7,1.9,18.1,18.0,,-0.5,0.3,-0.1,-0.031,,-5.5,1.4,-4.1,-0.1
72,Sterling Brown\brownst02,SG,23,MIL,35,547,11.5,.579,.521,.086,3.6,15.4,9.9,11.0,1.0,0.6,12.0,14.8,,0.5,0.8,1.3,.114,,-0.9,0.0,-0.9,0.1
73,Troy Brown\browntr01,SF,19,WAS,23,168,12.0,.474,.222,.259,2.6,17.3,9.8,17.9,2.3,0.5,9.1,16.8,,0.0,0.1,0.2,.050,,-3.4,-0.8,-4.2,-0.1
74,Jalen Brunson\brunsja01,PG,22,DAL,38,645,10.9,.511,.311,.203,1.9,8.7,5.3,19.0,1.5,0.1,11.7,18.1,,0.3,0.5,0.8,.057,,-2.0,-1.4,-3.4,-0.2
75,Thomas Bryant\bryanth01,C,21,WAS,35,643,21.9,.719,.155,.294,8.0,24.5,16.1,7.6,1.1,3.7,9.5,16.0,,2.1,0.6,2.7,.201,,1.3,0.4,1.7,0.6
76,Reggie Bullock\bullore01,SG,27,DET,37,1134,11.2,.571,.650,.150,1.6,7.3,4.3,11.7,0.9,0.2,9.5,16.6,,1.3,0.7,2.0,.085,,0.9,-1.4,-0.5,0.4
77,Trey Burke\burketr01,PG,26,NYK,29,576,15.8,.491,.245,.228,2.6,8.2,5.3,23.4,1.4,0.3,6.8,25.8,,0.4,0.1,0.5,.045,,0.2,-3.4,-3.2,-0.2
78,Alec Burks\burksal01,SG,27,TOT,44,1037,13.2,.523,.352,.308,2.2,16.2,9.0,13.3,1.2,1.5,9.6,20.4,,0.6,0.4,1.1,.049,,-1.2,-1.2,-2.3,-0.1
78,Alec Burks\burksal01,SG,27,UTA,17,269,12.7,.547,.377,.333,0.8,10.0,5.5,11.6,1.1,1.2,10.3,23.4,,0.1,0.3,0.5,.083,,-1.9,-1.4,-3.3,-0.1
78,Alec Burks\burksal01,SG,27,CLE,27,768,13.4,.513,.342,.297,2.7,18.4,10.2,13.9,1.3,1.6,9.2,19.3,,0.5,0.1,0.6,.038,,-0.9,-1.1,-2.0,0.0
79,Deonte Burton\burtode02,SG,25,OKC,15,131,7.9,.504,.283,.130,0.8,12.1,6.3,5.2,1.1,3.2,12.6,17.3,,-0.1,0.2,0.1,.035,,-6.0,-0.2,-6.2,-0.1
80,Jimmy Butler\butleji01,SG,29,TOT,38,1259,21.0,.579,.231,.360,5.7,10.1,7.9,17.2,2.9,1.6,8.1,23.4,,3.1,1.5,4.6,.174,,2.8,0.4,3.3,1.7
80,Jimmy Butler\butleji01,SG,29,MIN,10,361,22.4,.579,.287,.389,4.7,10.8,7.7,18.6,3.2,2.4,7.1,23.1,,1.0,0.4,1.4,.180,,3.9,1.1,5.0,0.7
80,Jimmy Butler\butleji01,SG,29,PHI,28,898,20.4,.578,.209,.349,6.1,9.9,8.0,16.6,2.8,1.2,8.6,23.6,,2.1,1.1,3.2,.172,,2.4,0.1,2.6,1.0
81,Jose Calderon\caldejo01,PG,37,DET,37,539,6.7,.420,.472,.083,1.7,9.3,5.3,24.7,1.5,0.5,21.1,11.2,,-0.2,0.5,0.3,.026,,-4.3,-0.6,-4.8,-0.4
82,Kentavious Caldwell-Pope\caldwke01,SG,25,LAL,47,1120,12.3,.569,.576,.259,2.4,9.1,5.8,6.2,1.7,0.4,6.7,16.6,,1.4,1.1,2.5,.107,,0.3,-0.9,-0.6,0.4
83,Isaiah Canaan\canaais01,PG,27,PHO,19,503,7.5,.515,.558,.155,1.1,10.1,5.5,17.1,1.2,0.0,17.4,14.4,,-0.1,0.1,0.0,-0.002,,-2.4,-2.2,-4.6,-0.3
84,Clint Capela\capelca01,C,24,HOU,42,1436,24.6,.642,.000,.349,15.9,26.0,20.8,7.5,0.9,4.5,10.1,19.5,,5.0,1.5,6.4,.216,,1.7,1.1,2.8,1.7
85,DeMarre Carroll\carrode01,SF,32,BRK,35,864,12.1,.544,.545,.395,4.3,17.9,11.1,6.4,0.7,0.4,9.5,19.2,,0.8,0.6,1.3,.075,,-0.9,-1.8,-2.6,-0.1
86,Jevon Carter\carteje01,PG,23,MEM,13,196,5.4,.375,.617,.050,1.1,7.8,4.4,18.6,2.8,2.0,15.2,16.9,,-0.4,0.2,-0.2,-0.045,,-5.2,0.0,-5.1,-0.2
87,Vince Carter\cartevi01,SF,42,ATL,42,709,11.0,.548,.665,.102,2.9,14.5,8.6,8.5,1.7,1.7,10.5,17.0,,0.3,0.5,0.8,.056,,-1.0,-1.0,-2.0,0.0
88,Wendell Carter\cartewe01,C,19,CHI,44,1110,15.4,.541,.086,.302,8.4,21.8,15.1,11.2,1.1,4.6,13.4,19.4,,0.6,1.2,1.8,.079,,-2.5,2.1,-0.4,0.5
89,Michael Carter-Williams\cartemi01,PG,27,HOU,16,145,12.9,.476,.311,.426,2.3,8.0,5.1,23.3,3.1,3.5,12.1,24.9,,0.0,0.1,0.1,.036,,-3.0,-0.8,-3.8,-0.1
90,Alex Caruso\carusal01,SG,24,LAL,2,5,1.8,,,,21.1,0.0,10.2,0.0,0.0,0.0,,0.0,,0.0,0.0,0.0,.116,,-1.9,-1.3,-3.2,0.0
91,Omri Casspi\casspom01,SF,30,MEM,34,483,15.3,.598,.295,.384,3.5,22.1,12.6,8.8,1.6,1.8,11.0,18.2,,0.5,0.6,1.1,.111,,-2.0,0.1,-1.9,0.0
92,Willie Cauley-Stein\caulewi01,C,25,SAC,46,1312,18.0,.539,.002,.301,8.7,23.9,16.1,13.5,2.0,2.0,9.4,20.0,,1.8,1.7,3.5,.127,,-0.4,2.0,1.6,1.2
93,Troy Caupain\caupatr01,PG,23,ORL,2,9,33.4,.625,.500,.000,0.0,24.7,12.1,56.6,5.5,0.0,0.0,19.7,,0.1,0.0,0.1,.387,,9.7,2.0,11.8,0.0
94,Tyler Cavanaugh\cavanty01,PF,24,UTA,4,9,1.1,.250,.500,.000,12.3,12.0,12.1,0.0,0.0,0.0,0.0,19.2,,0.0,0.0,0.0,-0.124,,-9.4,-6.6,-16.0,0.0
95,Tyson Chandler\chandty01,C,36,TOT,42,749,12.5,.638,.011,.777,12.0,25.5,18.9,5.6,1.2,1.9,21.2,8.9,,1.0,1.1,2.2,.138,,-2.2,1.9,-0.3,0.3
95,Tyson Chandler\chandty01,C,36,PHO,7,89,11.8,.653,.000,1.500,8.7,41.4,24.8,9.2,1.1,0.9,26.0,13.1,,0.1,0.1,0.2,.095,,-4.8,0.2,-4.5,-0.1
95,Tyson Chandler\chandty01,C,36,LAL,35,660,12.6,.636,.012,.671,12.5,23.4,18.1,5.1,1.2,2.0,20.3,8.4,,1.0,1.0,2.0,.144,,-1.9,2.2,0.3,0.4
96,Wilson Chandler\chandwi01,PF,31,PHI,32,838,8.7,.544,.543,.098,5.2,13.0,9.3,9.7,1.0,1.5,14.3,11.3,,0.5,0.8,1.2,.071,,-1.0,0.5,-0.5,0.3
97,Marquese Chriss\chrisma01,PF,21,HOU,14,94,2.5,.388,.467,.167,7.0,22.4,14.4,7.7,1.1,2.7,25.5,20.1,,-0.3,0.1,-0.2,-0.124,,-9.2,-0.9,-10.0,-0.2
98,Gary Clark\clarkga01,PF,24,HOU,32,499,9.1,.483,.906,.057,4.0,16.8,10.2,3.9,1.4,3.4,3.6,9.9,,0.3,0.4,0.7,.064,,-2.2,0.3,-1.8,0.0
99,Ian Clark\clarkia01,SG,27,NOP,31,408,5.3,.463,.487,.101,1.3,9.6,5.6,11.9,0.8,0.8,15.6,14.9,,-0.3,0.1,-0.2,-0.026,,-3.7,-2.3,-6.0,-0.4
100,Jordan Clarkson\clarkjo01,SG,26,CLE,46,1225,17.4,.541,.357,.137,3.8,9.8,6.7,15.1,1.4,0.6,9.2,28.6,,1.0,-0.2,0.9,.033,,1.9,-4.0,-2.1,0.0
101,John Collins\collijo01,PF,21,ATL,29,869,21.6,.636,.169,.281,13.3,23.7,18.3,13.6,0.3,1.1,12.7,23.1,,2.3,0.5,2.8,.153,,2.9,-1.2,1.7,0.8
102,Zach Collins\colliza01,C,21,POR,47,884,13.6,.584,.317,.290,7.3,16.2,11.9,7.2,0.9,3.5,14.1,16.4,,1.0,1.0,2.0,.110,,-0.7,1.0,0.4,0.5
103,Darren Collison\collida01,PG,31,IND,45,1234,15.1,.553,.313,.246,1.9,9.7,5.9,27.2,2.7,0.6,15.0,15.8,,1.7,1.9,3.6,.141,,0.3,0.6,0.9,0.9
104,Mike Conley\conlemi01,PG,31,MEM,45,1504,19.8,.547,.375,.319,1.9,9.4,5.6,31.7,1.9,1.0,9.0,27.3,,2.6,1.5,4.1,.130,,3.5,-1.3,2.2,1.6
105,Pat Connaughton\connapa01,SG,26,MIL,29,512,13.1,.519,.601,.127,5.2,15.5,10.6,14.9,1.2,2.5,9.2,15.2,,0.5,0.8,1.4,.129,,-0.3,1.3,1.0,0.4
106,Quinn Cook\cookqu01,PG,25,GSW,40,599,14.8,.584,.439,.079,2.4,13.2,8.0,16.6,1.1,0.4,10.6,20.9,,0.8,0.4,1.2,.098,,0.8,-2.7,-1.9,0.0
107,DeMarcus Cousins\couside01,C,28,GSW,1,15,29.9,.589,.364,.182,7.5,34.7,21.6,34.9,3.2,5.7,7.8,36.7,,0.1,0.0,0.1,.286,,8.2,4.8,13.0,0.1
108,Robert Covington\covinro01,SF,28,TOT,35,1203,13.4,.580,.622,.246,2.5,14.6,8.6,5.3,2.9,3.2,10.5,15.7,,0.9,1.7,2.6,.103,,0.5,2.1,2.6,1.4
108,Robert Covington\covinro01,SF,28,PHI,13,440,11.0,.578,.658,.197,1.8,14.1,8.1,4.3,2.6,4.1,14.8,14.3,,0.0,0.7,0.7,.078,,-1.2,2.4,1.2,0.3
108,Robert Covington\covinro01,SF,28,MIN,22,763,14.8,.580,.604,.269,2.9,14.9,8.8,5.9,3.2,2.7,8.4,16.5,,0.9,1.0,1.9,.117,,1.5,2.0,3.5,1.1
109,Allen Crabbe\crabbal01,SG,26,BRK,28,732,7.5,.501,.677,.153,1.9,12.5,7.2,5.8,1.1,0.9,10.8,17.4,,-0.2,0.5,0.2,.016,,-2.0,-1.1,-3.1,-0.2
110,Torrey Craig\craigto01,SF,28,DEN,40,894,8.9,.524,.524,.170,7.1,12.7,9.9,5.5,1.1,2.1,13.0,12.6,,0.4,0.8,1.2,.065,,-1.3,0.2,-1.1,0.2
111,Jamal Crawford\crawfja01,SG,38,PHO,37,635,8.7,.463,.412,.245,1.0,6.9,3.9,27.0,1.1,0.9,17.8,21.5,,-0.7,0.0,-0.6,-0.047,,-4.0,-4.0,-8.0,-1.0
112,Jae Crowder\crowdja01,SF,28,UTA,46,1254,12.4,.538,.632,.308,3.0,15.7,9.5,9.0,1.3,1.3,8.6,19.3,,0.8,1.8,2.6,.099,,0.0,0.5,0.5,0.8
113,Dante Cunningham\cunnida01,PF,31,SAS,42,715,10.9,.591,.424,.096,6.4,18.2,12.4,6.8,1.4,1.4,12.1,9.2,,0.8,0.7,1.6,.106,,-0.3,1.1,0.8,0.5
114,Seth Curry\curryse01,SG,28,POR,41,710,8.3,.566,.545,.033,1.5,6.4,4.0,7.1,1.0,0.4,12.8,14.6,,0.3,0.4,0.7,.045,,-1.1,-1.6,-2.7,-0.1
115,Stephen Curry\curryst01,PG,30,GSW,35,1205,26.9,.667,.584,.247,2.4,13.5,8.1,25.4,1.7,0.9,11.6,31.4,,4.7,1.1,5.7,.229,,9.5,-2.1,7.4,2.9
116,Troy Daniels\danietr01,SG,27,PHO,22,303,10.9,.583,.773,.100,2.2,7.2,4.7,4.4,2.2,0.3,10.9,18.5,,0.1,0.1,0.2,.034,,0.1,-3.3,-3.2,-0.1
117,Anthony Davis\davisan02,C,25,NOP,41,1519,30.8,.595,.145,.441,9.8,27.7,18.9,18.8,2.2,5.8,7.5,29.7,,6.0,2.3,8.3,.263,,5.3,3.6,8.9,4.2
118,Ed Davis\davised01,C,29,BRK,46,829,17.6,.627,.011,.466,17.5,33.4,25.4,5.6,1.4,1.5,15.2,12.9,,1.9,1.2,3.1,.178,,-0.6,1.1,0.5,0.5
119,Tyler Davis\davisty01,C,21,OKC,1,1,0.0,.000,.000,.000,100.0,0.0,51.7,0.0,0.0,0.0,0.0,40.6,,0.0,0.0,0.0,-0.471,,-14.7,-20.3,-35.1,0.0
120,Dewayne Dedmon\dedmode01,C,29,ATL,35,862,13.9,.566,.373,.199,6.4,26.0,16.0,7.9,1.9,3.5,14.3,16.5,,0.5,1.1,1.6,.088,,-2.0,1.7,-0.3,0.4
121,Sam Dekker\dekkesa01,SF-PF,24,TOT,27,460,16.3,.558,.191,.153,7.3,14.8,10.9,8.2,3.1,0.7,7.7,17.0,,0.6,0.3,0.9,.094,,-0.5,-0.4,-0.9,0.1
121,Sam Dekker\dekkesa01,PF,24,CLE,9,169,14.2,.544,.271,.208,5.8,16.6,11.0,7.9,3.3,0.0,8.7,15.0,,0.2,0.1,0.3,.073,,-0.7,-0.6,-1.2,0.0
121,Sam Dekker\dekkesa01,SF,24,WAS,18,291,17.6,.564,.156,.128,8.1,13.8,10.9,8.4,2.9,1.2,7.2,18.2,,0.4,0.3,0.6,.106,,-0.4,-0.3,-0.7,0.1
122,Matthew Dellavedova\dellama01,PG,28,TOT,30,437,12.9,.597,.537,.162,1.0,9.2,5.0,31.9,0.7,0.0,22.0,18.8,,0.5,0.0,0.5,.054,,-0.1,-4.8,-4.9,-0.3
122,Matthew Dellavedova\dellama01,PG,28,MIL,12,97,7.6,.482,.579,.211,0.0,10.1,5.3,35.6,1.0,0.0,34.6,13.8,,0.0,0.1,0.1,.047,,-5.3,-2.9,-8.2,-0.2
122,Matthew Dellavedova\dellama01,PG,28,CLE,18,340,14.5,.616,.530,.154,1.3,8.9,5.0,30.9,0.6,0.0,19.4,20.2,,0.5,-0.1,0.4,.056,,1.4,-5.3,-3.9,-0.2
123,Luol Deng\denglu01,SF,33,MIN,6,51,20.1,.551,.333,.476,12.3,14.9,13.6,6.0,2.8,1.7,7.3,22.6,,0.1,0.1,0.2,.148,,1.1,-1.4,-0.3,0.0
124,DeMar DeRozan\derozde01,SG,29,SAS,46,1632,19.4,.529,.049,.330,2.4,16.4,9.5,28.7,1.4,1.1,11.3,28.8,,2.0,1.6,3.5,.104,,0.5,0.3,0.8,1.1
125,Marcus Derrickson\derrima01,SF,22,GSW,6,34,5.0,.507,.467,.267,6.6,6.1,6.3,0.0,0.0,2.5,15.2,24.9,,-0.1,0.0,0.0,-0.052,,-6.0,-6.9,-12.8,-0.1
126,Cheick Diallo\diallch01,PF,22,NOP,29,274,15.3,.619,.015,.358,9.9,29.0,19.6,4.3,1.9,4.0,19.7,14.6,,0.2,0.4,0.6,.108,,-3.2,1.1,-2.1,0.0
127,Hamidou Diallo\diallha01,SG,20,OKC,39,464,10.5,.499,.154,.356,7.2,12.3,9.7,4.7,1.6,1.6,9.9,16.8,,0.1,0.6,0.8,.079,,-4.1,-0.4,-4.5,-0.3
128,Gorgui Dieng\dienggo01,C,29,MIN,45,625,15.3,.564,.163,.276,6.5,25.5,15.9,8.3,1.8,3.5,12.0,16.8,,0.7,0.8,1.5,.116,,-2.2,1.6,-0.6,0.2
129,Spencer Dinwiddie\dinwisp01,PG,25,BRK,47,1339,17.7,.599,.439,.416,1.5,7.8,4.6,28.2,1.0,0.6,14.1,25.0,,3.1,0.6,3.7,.133,,3.0,-2.7,0.3,0.8
130,Donte DiVincenzo\divindo01,SG,22,MIL,23,358,8.5,.492,.645,.103,4.0,11.7,8.1,9.6,1.6,1.4,13.9,15.3,,-0.1,0.5,0.4,.060,,-2.4,0.5,-1.9,0.0
131,Luka Doncic\doncilu01,PF,19,DAL,44,1406,18.6,.558,.432,.397,3.7,18.5,11.3,27.0,1.8,0.6,15.2,28.2,,1.6,1.7,3.2,.110,,2.6,0.7,3.2,1.9
132,Tyler Dorsey\dorsety01,SG,22,ATL,23,228,7.5,.433,.434,.289,4.1,15.2,9.5,9.8,1.4,0.4,9.7,18.4,,-0.2,0.1,-0.1,-0.017,,-4.6,-2.2,-6.8,-0.3
133,Damyean Dotson\dotsoda01,SG,24,NYK,35,886,12.0,.543,.447,.132,2.6,13.0,7.6,7.8,1.7,0.4,7.1,16.0,,0.7,0.4,1.1,.059,,-0.3,-1.2,-1.5,0.1
134,PJ Dozier\doziepj01,PG,22,BOS,4,10,25.0,.583,.333,.000,21.2,21.5,21.3,0.0,0.0,0.0,0.0,26.0,,0.0,0.0,0.0,.210,,1.0,-10.7,-9.6,0.0
135,Goran Dragic\dragigo01,PG,32,MIA,14,408,13.3,.510,.372,.266,2.1,9.0,5.5,26.6,1.2,0.8,14.3,25.6,,0.1,0.4,0.4,.049,,-0.5,-2.1,-2.6,-0.1
136,Andre Drummond\drumman01,C,25,DET,44,1449,20.2,.513,.049,.346,16.4,33.4,24.5,6.1,2.3,4.3,13.6,23.9,,0.4,3.0,3.4,.112,,-2.7,2.9,0.1,0.8
137,Jared Dudley\dudleja01,PF,33,BRK,43,944,7.2,.523,.637,.184,2.8,10.9,6.9,9.3,1.4,1.1,15.3,11.0,,0.2,0.7,0.9,.044,,-1.8,0.7,-1.1,0.2
138,Kris Dunn\dunnkr01,PG,24,CHI,20,610,13.0,.491,.120,.142,0.7,15.0,7.8,33.8,2.2,1.0,16.5,21.5,,-0.3,0.5,0.2,.018,,-2.4,0.1,-2.4,-0.1
139,Kevin Durant\duranke01,PF,30,GSW,46,1638,25.5,.629,.270,.388,1.5,20.2,11.2,26.7,1.1,2.6,12.9,30.8,,5.3,1.8,7.1,.208,,4.6,0.3,4.8,2.8
140,Vince Edwards\edwarvi01,SF,22,HOU,1,4,32.6,.750,1.000,.000,27.4,0.0,14.1,0.0,0.0,0.0,0.0,21.9,,0.0,0.0,0.0,.315,,13.0,-11.5,1.5,0.0
141,Henry Ellenson\ellenhe01,PF,22,DET,2,25,14.9,.551,.400,.200,0.0,41.0,19.5,6.3,0.0,0.0,0.0,18.6,,0.0,0.0,0.1,.145,,-3.6,-2.7,-6.3,0.0
142,Wayne Ellington\ellinwa01,SG,31,MIA,22,465,10.6,.535,.841,.083,1.4,8.2,4.7,8.7,2.3,0.6,7.4,16.1,,0.3,0.5,0.8,.085,,0.5,-0.9,-0.4,0.2
143,Joel Embiid\embiijo01,C,24,PHI,44,1475,25.5,.596,.215,.533,7.6,33.5,21.0,18.3,0.8,4.6,13.4,32.8,,3.3,2.6,5.9,.192,,1.6,2.0,3.6,2.1
144,James Ennis\ennisja01,SF,28,HOU,31,703,11.2,.630,.588,.263,4.2,8.8,6.4,4.2,1.7,1.4,9.6,12.3,,1.1,0.3,1.4,.095,,0.1,-0.8,-0.7,0.2
145,Drew Eubanks\eubandr01,PF,21,SAS,12,47,20.9,.742,.000,.571,2.4,25.4,14.0,6.5,1.0,0.0,10.2,18.4,,0.2,0.0,0.2,.205,,0.1,-2.2,-2.1,0.0
146,Jacob Evans\evansja02,SG,21,GSW,23,99,-1.3,.256,.240,.040,1.1,8.4,4.9,15.5,0.5,0.9,19.1,13.6,,-0.3,0.0,-0.2,-0.119,,-8.9,-2.3,-11.2,-0.2
147,Jawun Evans\evansja01,PG,22,PHO,4,46,1.0,.200,.200,.000,2.4,22.6,12.3,22.3,2.1,0.0,28.6,13.2,,-0.2,0.0,-0.1,-0.136,,-9.9,0.5,-9.5,-0.1
148,Tyreke Evans\evansty01,SG,29,IND,41,840,12.5,.492,.353,.243,3.3,11.6,7.6,16.1,2.6,1.1,14.2,27.3,,-0.9,1.3,0.4,.025,,-2.5,-0.2,-2.8,-0.2
149,Dante Exum\exumda01,PG,23,UTA,39,637,12.7,.530,.252,.368,2.6,8.5,5.6,25.5,1.1,0.6,14.5,21.5,,0.5,0.7,1.2,.089,,-1.6,-1.2,-2.8,-0.1
150,Kenneth Faried\farieke01,PF,29,BRK,12,118,21.1,.622,.119,.381,13.6,26.7,20.1,2.8,0.8,2.7,10.9,20.0,,0.3,0.1,0.4,.162,,-1.6,-2.0,-3.6,0.0
151,Derrick Favors\favorde01,C,27,UTA,46,1079,20.4,.610,.146,.413,13.0,20.5,16.8,7.1,1.6,4.3,10.8,18.9,,2.3,2.1,4.4,.197,,0.8,3.0,3.7,1.6
152,Cristiano Felicio\feliccr01,C,26,CHI,29,288,13.0,.603,.032,.371,9.4,21.4,15.3,7.8,0.7,0.6,15.3,13.1,,0.4,0.2,0.5,.090,,-3.0,-0.8,-3.8,-0.1
153,Raymond Felton\feltora01,PG,34,OKC,15,166,10.8,.438,.395,.118,1.8,11.4,6.5,22.8,1.7,2.0,12.1,22.3,,-0.1,0.2,0.1,.028,,-3.9,-0.8,-4.8,-0.1
154,Terrance Ferguson\fergute01,SG,20,OKC,38,864,6.0,.544,.635,.120,2.3,6.1,4.2,3.8,1.0,1.0,9.4,10.5,,0.4,0.9,1.2,.069,,-2.2,-0.2,-2.5,-0.1
155,Yogi Ferrell\ferreyo01,SG,25,SAC,36,503,13.2,.556,.400,.206,0.6,10.1,5.2,16.4,1.2,0.5,7.0,16.5,,0.7,0.3,1.0,.096,,-0.3,-2.2,-2.5,-0.1
156,Dorian Finney-Smith\finnedo01,SF,25,DAL,45,1095,11.2,.549,.484,.238,7.7,11.7,9.8,4.2,1.9,1.6,11.3,13.4,,0.8,1.2,2.0,.090,,-0.6,1.0,0.5,0.7
157,Bryn Forbes\forbebr01,PG,25,SAS,47,1338,12.0,.581,.506,.103,0.7,10.1,5.5,11.0,1.1,0.1,9.8,18.2,,1.2,0.8,2.0,.072,,1.2,-1.8,-0.6,0.5
158,Evan Fournier\fournev01,SG,26,ORL,45,1400,11.9,.528,.453,.154,1.8,9.1,5.4,18.4,1.4,0.5,12.8,23.0,,-0.2,1.0,0.8,.028,,-0.4,-1.6,-2.0,0.0
159,De'Aaron Fox\foxde01,PG,21,SAC,46,1453,18.9,.555,.224,.403,1.9,10.2,6.0,33.0,2.6,1.5,15.6,24.7,,2.1,1.4,3.5,.116,,1.6,-0.1,1.6,1.3
160,Melvin Frazier\frazime01,SG,22,ORL,3,16,-9.7,.000,.333,.000,0.0,6.9,3.4,0.0,3.1,0.0,25.0,11.1,,-0.1,0.0,-0.1,-0.245,,-14.2,0.3,-13.9,0.0
161,Tim Frazier\fraziti01,PG,28,NOP,35,678,10.9,.555,.436,.171,3.8,11.3,7.6,26.4,1.2,0.4,23.4,12.0,,0.7,0.2,1.0,.069,,-0.6,-1.6,-2.2,0.0
162,Channing Frye\fryech01,C,35,CLE,23,229,7.3,.491,.701,.130,1.9,14.8,8.1,7.6,1.1,1.1,10.9,17.7,,-0.1,0.0,-0.1,-0.021,,-2.4,-3.3,-5.7,-0.2
163,Markelle Fultz\fultzma01,SG,20,PHI,19,427,10.5,.452,.090,.239,6.8,10.6,8.8,19.7,1.9,0.9,12.7,19.4,,-0.1,0.4,0.3,.038,,-2.9,-0.2,-3.1,-0.1
164,Danilo Gallinari\gallida01,SF,30,LAC,44,1377,19.5,.622,.425,.432,3.2,16.5,10.1,12.0,1.1,0.7,8.4,22.6,,3.9,0.9,4.9,.170,,4.0,-1.3,2.7,1.6
165,Langston Galloway\gallola01,SG,27,DET,43,947,10.2,.519,.646,.155,3.1,8.8,5.8,7.7,1.0,0.3,4.2,16.2,,0.9,0.7,1.6,.080,,-0.1,-1.4,-1.5,0.1
166,Marc Gasol\gasolma01,C,34,MEM,45,1520,16.9,.534,.324,.300,3.4,26.0,14.4,22.6,1.8,3.8,13.5,22.3,,0.7,2.5,3.2,.100,,-0.5,3.5,2.9,1.9
167,Pau Gasol\gasolpa01,C,38,SAS,17,248,17.3,.569,.138,.448,5.8,34.6,20.4,19.2,0.4,4.4,13.7,14.3,,0.4,0.4,0.8,.158,,-1.3,3.2,1.9,0.2
168,Rudy Gay\gayru01,SF,32,SAS,37,992,18.0,.595,.239,.184,4.3,21.9,13.2,13.7,1.6,1.9,12.3,21.8,,1.4,1.2,2.6,.126,,1.0,0.9,1.8,1.0
169,Paul George\georgpa01,SF,28,OKC,44,1583,23.2,.577,.435,.308,4.2,19.1,11.5,17.5,3.0,1.2,10.3,29.2,,3.6,3.0,6.6,.199,,4.2,1.2,5.4,3.0
170,Taj Gibson\gibsota01,PF,33,MIN,44,1127,16.9,.598,.090,.284,10.8,18.2,14.4,7.6,1.5,1.9,10.4,16.2,,2.2,1.0,3.2,.136,,0.6,0.7,1.3,0.9
171,Harry Giles\gilesha01,PF,20,SAC,33,404,13.0,.496,.030,.250,7.5,21.2,14.2,17.3,2.7,2.5,18.4,23.5,,-0.4,0.6,0.2,.026,,-3.9,2.0,-2.0,0.0
172,Shai Gilgeous-Alexander\gilgesh01,PG,20,LAC,45,1167,12.5,.557,.188,.275,2.9,8.0,5.5,15.8,1.9,1.8,17.0,17.5,,0.5,0.8,1.3,.055,,-0.9,0.3,-0.6,0.4
173,Rudy Gobert\goberru01,C,26,UTA,47,1479,24.4,.676,.000,.688,12.8,32.3,22.7,10.8,1.4,5.2,12.1,17.4,,4.8,3.4,8.2,.267,,1.9,5.3,7.2,3.5
174,Brandon Goodwin\goodwbr01,PG,23,DEN,12,45,9.8,.435,.235,.647,0.0,4.9,2.4,34.1,0.0,0.0,8.4,22.7,,0.1,0.0,0.1,.065,,-3.9,-7.0,-10.9,-0.1
175,Aaron Gordon\gordoaa01,PF,23,ORL,43,1442,15.6,.542,.324,.248,5.2,19.5,12.3,15.7,1.2,1.7,11.3,21.7,,1.0,1.5,2.5,.084,,0.0,0.8,0.8,1.0
176,Eric Gordon\gordoer01,SG,30,HOU,34,1114,11.1,.513,.585,.196,1.4,7.5,4.4,10.8,0.8,1.1,8.7,23.1,,0.4,0.2,0.5,.023,,-1.0,-3.4,-4.5,-0.7
177,Marcin Gortat\gortama01,C,34,LAC,38,636,13.6,.567,.000,.280,10.2,25.5,18.2,12.7,0.4,2.5,18.9,14.5,,0.6,0.6,1.3,.096,,-1.7,1.5,-0.2,0.3
178,Devonte' Graham\grahade01,PG,23,CHO,25,316,12.0,.509,.550,.140,0.3,9.2,4.8,24.4,2.3,0.0,11.7,16.3,,0.3,0.3,0.5,.078,,-0.7,-2.1,-2.8,-0.1
179,Treveon Graham\grahatr01,SG,25,BRK,10,214,3.1,.380,.614,.140,4.5,9.1,6.8,5.0,0.7,1.1,10.4,13.5,,-0.3,0.1,-0.2,-0.036,,-4.4,-0.9,-5.4,-0.2
180,Jerami Grant\grantje01,PF,24,OKC,45,1435,14.0,.605,.336,.314,3.2,13.2,8.1,3.9,1.3,3.6,7.6,14.5,,2.2,2.1,4.3,.144,,-0.9,1.6,0.7,1.0
181,Jerian Grant\grantje02,PG,26,ORL,40,702,9.5,.495,.487,.156,2.1,8.5,5.3,23.0,2.3,0.4,19.6,12.9,,0.0,0.6,0.7,.047,,-2.7,-0.5,-3.2,-0.2
182,Danny Green\greenda02,SG,31,TOR,46,1353,11.7,.595,.668,.064,3.6,11.9,7.8,5.9,1.5,2.3,11.2,13.9,,1.2,1.6,2.8,.101,,0.9,1.3,2.2,1.4
183,Draymond Green\greendr01,PF,28,GSW,32,1004,12.8,.493,.359,.180,3.5,22.7,13.4,28.6,2.4,2.5,26.6,13.6,,0.4,1.5,1.8,.088,,-1.5,3.2,1.7,0.9
184,Gerald Green\greenge01,SG,33,HOU,41,868,11.0,.567,.812,.088,2.7,12.4,7.4,3.9,0.9,1.4,8.8,18.3,,0.7,0.3,1.0,.054,,-0.3,-3.1,-3.4,-0.3
185,JaMychal Green\greenja01,PF,28,MEM,34,786,16.5,.598,.293,.259,9.5,24.1,16.6,6.8,1.9,2.9,16.2,20.9,,0.5,1.2,1.8,.108,,-1.4,1.0,-0.5,0.3
186,Jeff Green\greenje02,PF,32,WAS,43,1174,13.5,.600,.422,.282,4.0,15.1,9.5,8.9,1.0,1.5,11.2,16.8,,1.6,0.5,2.1,.085,,-0.1,-1.0,-1.2,0.2
187,Blake Griffin\griffbl01,PF,29,DET,43,1557,21.6,.595,.357,.430,3.6,21.5,12.1,26.1,1.1,1.1,14.8,30.2,,3.0,1.8,4.8,.147,,4.3,0.8,5.1,2.8
188,Daniel Hamilton\hamilda02,SG,23,ATL,15,169,8.2,.474,.367,.122,5.5,19.2,12.2,16.4,1.4,0.5,21.3,15.7,,-0.1,0.1,0.0,-0.009,,-4.4,-0.5,-5.0,-0.1
189,Tim Hardaway\hardati02,SG,26,NYK,40,1308,14.5,.533,.463,.317,1.7,9.4,5.4,13.1,1.4,0.3,9.6,26.2,,0.9,0.3,1.2,.044,,1.3,-3.1,-1.8,0.0
190,James Harden\hardeja01,SG,29,HOU,42,1572,30.2,.622,.557,.496,2.4,17.3,9.6,43.8,2.8,1.4,16.3,40.1,,6.3,1.6,7.9,.242,,11.1,0.6,11.8,5.4
191,Maurice Harkless\harklma01,SF,25,POR,27,582,11.1,.530,.359,.166,5.0,14.5,9.9,4.6,1.9,3.6,9.3,12.6,,0.4,0.8,1.1,.093,,-1.5,2.3,0.8,0.4
192,Montrezl Harrell\harremo01,C,25,LAC,45,1148,24.8,.639,.013,.538,10.6,17.8,14.3,11.3,1.8,4.3,10.1,22.7,,3.6,1.4,5.0,.211,,3.2,1.9,5.2,2.1
193,Devin Harris\harride01,PG,35,DAL,33,488,11.6,.531,.554,.327,1.1,10.1,5.7,12.0,2.3,1.2,10.7,18.8,,0.2,0.5,0.8,.078,,-1.1,-0.3,-1.5,0.1
194,Gary Harris\harriga01,SG,24,DEN,27,817,14.6,.534,.376,.228,2.8,8.6,5.7,12.9,1.6,1.1,7.1,22.2,,1.0,0.7,1.7,.100,,0.6,-1.6,-1.0,0.2
195,Joe Harris\harrijo01,SG,27,BRK,43,1283,13.7,.642,.521,.152,2.6,10.7,6.6,12.9,0.9,0.4,13.3,17.3,,2.2,0.7,2.9,.107,,1.9,-1.1,0.8,0.9
196,Tobias Harris\harrito02,PF,26,LAC,45,1540,18.8,.610,.300,.253,2.3,21.7,12.4,10.5,1.1,0.9,10.2,23.6,,2.8,1.3,4.2,.130,,1.9,-0.7,1.2,1.3
197,Andrew Harrison\harrian01,SG-PG,24,TOT,17,187,6.0,.443,.472,.340,3.5,8.5,5.9,17.2,1.1,0.9,16.5,17.0,,-0.1,0.0,-0.1,-0.035,,-3.5,-3.0,-6.6,-0.2
197,Andrew Harrison\harrian01,PG,24,MEM,1,5,4.7,.500,.500,.000,0.0,0.0,0.0,0.0,0.0,0.0,0.0,18.3,,0.0,0.0,0.0,-0.017,,-4.0,-6.2,-10.2,0.0
197,Andrew Harrison\harrian01,SG,24,CLE,10,144,6.8,.467,.359,.410,3.0,8.9,5.8,16.4,1.4,1.2,17.8,17.2,,-0.1,0.0,-0.1,-0.031,,-3.7,-2.5,-6.3,-0.2
197,Andrew Harrison\harrian01,SG,24,NOP,6,38,3.2,.349,.833,.167,5.7,8.1,6.9,22.2,0.0,0.0,13.4,16.2,,0.0,0.0,0.0,-0.051,,-2.6,-4.6,-7.2,-0.1
198,Shaquille Harrison\harrish01,PG,25,CHI,37,648,11.4,.459,.245,.352,2.3,14.4,8.3,14.2,3.5,1.6,11.0,17.4,,-0.5,0.8,0.3,.023,,-3.7,1.6,-2.1,0.0
199,Josh Hart\hartjo01,SG,23,LAL,47,1282,10.5,.534,.592,.188,2.0,13.1,7.7,7.1,2.0,1.8,10.0,14.5,,0.4,1.8,2.1,.079,,-1.2,1.4,0.2,0.7
200,Isaiah Hartenstein\harteis01,PF,20,HOU,23,185,9.6,.557,.167,.389,11.3,12.6,11.9,9.2,1.1,4.1,22.2,12.8,,0.2,0.1,0.3,.076,,-2.9,0.9,-2.0,0.0
201,Udonis Haslem\hasleud01,C,38,MIA,3,14,-4.6,.333,.333,.000,7.5,30.1,18.8,0.0,0.0,0.0,25.0,24.4,,-0.1,0.0,-0.1,-0.237,,-16.1,-7.5,-23.6,-0.1
202,Gordon Hayward\haywago01,SF,28,BOS,41,1078,14.5,.535,.417,.248,3.3,15.6,9.4,19.3,1.7,0.8,12.1,19.2,,1.1,1.5,2.6,.115,,-0.1,0.5,0.4,0.7
203,John Henson\hensojo01,C,28,MIL,14,188,17.3,.553,.463,.149,9.4,28.6,19.6,10.1,1.7,5.0,14.4,18.7,,0.1,0.5,0.6,.150,,-1.6,3.2,1.7,0.2
204,Juan Hernangomez\hernaju01,PF,23,DEN,43,1092,13.2,.634,.581,.300,5.6,16.3,10.9,5.1,0.9,1.5,9.5,12.8,,2.0,1.0,2.9,.130,,0.9,-0.4,0.5,0.7
205,Willy Hernangomez\hernawi01,C,24,CHO,37,518,21.5,.589,.139,.473,16.5,28.0,22.2,11.0,1.0,2.2,13.5,23.2,,1.2,0.6,1.9,.172,,0.8,-0.3,0.5,0.3
206,Mario Hezonja\hezonma01,SF,23,NYK,38,694,9.9,.473,.345,.207,2.2,18.3,9.9,8.2,2.4,0.6,12.3,20.8,,-0.8,0.6,-0.3,-0.018,,-3.9,-1.0,-4.9,-0.5
207,Buddy Hield\hieldbu01,SG,26,SAC,46,1443,17.7,.607,.463,.119,4.1,12.3,8.1,10.8,0.7,0.9,9.9,24.8,,2.5,0.7,3.2,.107,,3.3,-2.5,0.8,1.0
208,Haywood Highsmith\highsha01,SF,22,PHI,1,5,22.7,.750,1.000,.000,0.0,0.0,0.0,30.6,0.0,0.0,0.0,16.9,,0.0,0.0,0.0,.278,,6.7,-11.9,-5.2,0.0
209,Nene Hilario\hilarne01,C,36,HOU,20,279,12.4,.576,.033,.377,6.3,22.6,14.2,7.4,1.1,1.8,6.6,12.0,,0.5,0.2,0.7,.125,,-2.8,-0.1,-2.8,-0.1
210,George Hill\hillge01,PG,32,TOT,33,764,12.0,.561,.356,.231,3.4,6.9,5.2,14.8,1.9,0.3,11.6,14.7,,0.9,0.5,1.5,.092,,-0.2,-1.0,-1.3,0.1
210,George Hill\hillge01,PG,32,CLE,13,344,13.7,.604,.262,.187,3.8,5.1,4.4,16.3,1.7,0.2,14.7,17.5,,0.5,-0.1,0.4,.058,,0.6,-3.0,-2.4,0.0
210,George Hill\hillge01,PG,32,MIL,20,420,10.6,.516,.455,.277,3.2,8.4,5.9,13.7,2.0,0.4,8.1,12.4,,0.5,0.6,1.1,.121,,-0.9,0.5,-0.4,0.2
211,Solomon Hill\hillso01,SF,27,NOP,28,586,6.7,.503,.564,.188,4.6,11.5,8.1,6.9,1.3,1.0,16.1,9.2,,0.1,0.2,0.3,.027,,-1.7,0.0,-1.7,0.0
212,Aaron Holiday\holidaa01,PG,22,IND,27,277,15.5,.525,.504,.215,0.8,14.9,8.0,19.9,2.1,3.2,10.8,23.4,,0.2,0.5,0.6,.111,,-0.5,0.5,0.0,0.1
213,Jrue Holiday\holidjr01,SG,28,NOP,46,1691,19.0,.557,.300,.231,3.6,9.5,6.6,32.2,2.1,1.8,15.2,24.7,,2.6,1.1,3.7,.106,,2.8,-0.6,2.3,1.8
214,Justin Holiday\holidju01,SG,29,TOT,46,1491,10.4,.513,.659,.131,1.5,12.7,7.1,9.3,2.5,1.4,11.0,15.7,,-0.4,1.4,1.0,.031,,-1.1,0.9,-0.2,0.7
214,Justin Holiday\holidju01,SG,29,CHI,38,1325,11.1,.531,.685,.117,1.5,12.5,6.9,9.5,2.5,1.4,10.2,15.4,,0.1,1.1,1.2,.044,,-0.3,0.9,0.6,0.9
214,Justin Holiday\holidju01,SG,29,MEM,8,166,4.7,.378,.449,.245,1.3,14.9,7.9,7.8,3.0,1.7,16.9,18.0,,-0.5,0.2,-0.3,-0.074,,-7.5,1.2,-6.3,-0.2
215,John Holland\hollajo02,SF,30,CLE,1,1,0.0,,,,0.0,0.0,0.0,0.0,0.0,0.0,,0.0,,0.0,0.0,0.0,-0.041,,-6.2,-1.3,-7.4,0.0
216,Rondae Hollis-Jefferson\holliro01,SF,24,BRK,36,837,12.3,.462,.105,.404,6.3,20.1,13.2,11.5,1.6,1.7,10.2,21.1,,-0.2,0.9,0.7,.041,,-4.0,0.9,-3.2,-0.2
217,Richaun Holmes\holmeri01,C,25,PHO,45,716,23.1,.697,.000,.447,11.1,20.6,15.8,8.6,1.9,5.9,12.2,17.9,,2.2,0.8,3.0,.202,,1.3,2.1,3.4,1.0
218,Rodney Hood\hoodro01,SG,26,CLE,39,1063,14.3,.561,.326,.264,1.5,8.8,5.0,11.6,1.6,0.3,7.4,20.2,,1.5,-0.2,1.4,.062,,0.7,-3.1,-2.4,-0.1
219,Al Horford\horfoal01,C,32,BOS,37,1039,18.0,.588,.332,.119,5.7,18.0,11.8,18.9,1.3,4.2,12.8,18.2,,1.7,1.7,3.4,.159,,1.0,2.8,3.9,1.5
220,Danuel House\houseda01,SF,25,HOU,25,620,12.6,.631,.645,.355,3.5,13.0,8.1,6.2,1.1,1.4,11.4,14.3,,1.0,0.3,1.3,.102,,0.2,-1.3,-1.2,0.1
221,Dwight Howard\howardw01,C,33,WAS,9,230,17.7,.638,.000,.696,11.2,28.7,19.8,2.6,1.4,1.5,15.1,19.7,,0.4,0.2,0.6,.128,,-2.9,-2.3,-5.2,-0.2
222,Kevin Huerter\huertke01,SG,20,ATL,43,1164,9.5,.538,.537,.105,3.3,9.3,6.2,13.6,1.4,1.2,15.8,15.2,,0.2,0.5,0.7,.029,,-1.3,-0.8,-2.1,0.0
223,Chandler Hutchison\hutchch01,SF,22,CHI,41,788,8.8,.507,.220,.172,4.0,17.9,10.8,5.2,1.3,0.4,9.9,12.5,,-0.1,0.5,0.4,.027,,-4.2,-0.5,-4.7,-0.5
224,Serge Ibaka\ibakase01,C,29,TOR,44,1255,18.5,.588,.204,.189,7.7,19.3,13.7,7.6,0.8,3.8,11.9,23.7,,1.7,1.7,3.4,.130,,-0.1,0.7,0.6,0.8
225,Andre Iguodala\iguodan01,SF,35,GSW,41,955,12.5,.564,.478,.231,3.5,13.6,8.7,15.9,1.8,2.8,13.5,10.6,,1.3,1.0,2.3,.113,,0.1,1.6,1.7,0.9
226,Ersan Ilyasova\ilyaser01,PF,31,MIL,33,626,12.7,.551,.405,.160,8.3,18.3,13.6,7.1,1.7,1.1,11.2,16.3,,0.6,1.1,1.7,.132,,-1.0,0.7,-0.2,0.3
227,Joe Ingles\inglejo01,SF,31,UTA,47,1453,12.4,.553,.560,.169,1.2,12.5,6.9,23.3,2.3,0.6,17.8,17.9,,0.5,2.2,2.7,.090,,0.1,1.4,1.5,1.3
228,Brandon Ingram\ingrabr01,SG,21,LAL,36,1177,11.7,.521,.133,.395,2.8,12.3,7.7,13.0,0.8,1.5,14.4,23.3,,-0.5,1.2,0.7,.028,,-3.4,-0.3,-3.7,-0.5
229,Kyrie Irving\irvinky01,PG,26,BOS,41,1329,25.1,.604,.355,.200,3.8,12.0,7.9,36.0,2.3,1.3,12.1,29.4,,4.0,2.0,6.0,.216,,6.7,0.4,7.2,3.1
230,Jonathan Isaac\isaacjo01,SF,21,ORL,40,1006,10.4,.512,.375,.276,4.2,16.4,10.2,5.5,1.4,3.5,12.5,15.5,,-0.2,1.2,1.0,.048,,-3.5,1.5,-2.0,0.0
231,Wesley Iwundu\iwundwe01,SF,24,ORL,36,607,7.0,.491,.259,.388,2.6,10.8,6.6,6.6,1.1,1.1,11.8,14.2,,-0.2,0.5,0.3,.021,,-4.6,-0.5,-5.1,-0.5
232,Demetrius Jackson\jacksde01,PG,24,PHI,6,39,21.0,.656,.400,.267,5.7,2.6,4.1,19.8,2.4,0.0,5.6,19.2,,0.2,0.0,0.2,.233,,4.4,-3.5,1.0,0.0
233,Frank Jackson\jacksfr01,PG,20,NOP,31,386,8.3,.552,.419,.218,1.4,7.0,4.2,7.1,1.0,0.0,11.1,16.4,,0.2,0.0,0.2,.025,,-1.9,-3.4,-5.3,-0.3
234,Jaren Jackson\jacksja02,C,19,MEM,46,1177,17.4,.599,.246,.312,5.2,16.4,10.7,7.9,1.8,5.7,13.0,23.1,,1.0,1.8,2.8,.115,,-1.0,2.1,1.1,0.9
235,Josh Jackson\jacksjo02,SG,21,PHO,47,1054,9.2,.472,.267,.234,3.5,16.6,9.9,15.2,2.2,2.1,18.9,23.9,,-2.2,0.8,-1.4,-0.066,,-5.2,0.0,-5.2,-0.8
236,Justin Jackson\jacksju01,SF,23,SAC,45,970,10.5,.559,.545,.173,2.5,11.6,6.9,7.9,0.9,1.0,6.2,13.1,,1.1,0.5,1.6,.077,,-0.2,-0.9,-1.2,0.2
237,Reggie Jackson\jacksre01,PG,28,DET,45,1289,13.1,.524,.452,.253,2.3,8.5,5.3,22.9,1.2,0.4,12.0,23.0,,1.1,1.0,2.1,.077,,0.6,-1.6,-1.0,0.3
238,LeBron James\jamesle01,PF,34,LAL,34,1178,26.3,.601,.291,.402,2.9,21.1,12.3,34.6,1.7,1.6,13.1,31.3,,3.1,1.8,4.9,.200,,5.8,1.9,7.7,2.9
239,Amile Jefferson\jeffeam01,PF,25,ORL,1,4,18.0,.532,.000,2.000,26.7,0.0,13.6,0.0,0.0,0.0,0.0,20.8,,0.0,0.0,0.0,.251,,0.2,-8.6,-8.4,0.0
240,Jonas Jerebko\jerebjo01,PF,31,GSW,46,882,13.6,.600,.551,.227,7.1,19.8,13.7,10.7,0.9,0.9,11.4,14.9,,1.6,0.8,2.4,.128,,1.2,-0.9,0.3,0.5
241,Alize Johnson\johnsal02,PF,22,IND,9,27,2.0,.307,.125,.500,4.2,24.1,14.4,0.0,0.0,3.3,0.0,15.8,,-0.1,0.0,0.0,-0.050,,-11.6,-3.9,-15.5,-0.1
242,Amir Johnson\johnsam01,C,31,PHI,35,325,13.5,.613,.232,.284,7.9,20.3,14.3,17.2,1.5,1.7,21.9,17.8,,0.3,0.4,0.7,.108,,-1.3,0.6,-0.8,0.1
243,James Johnson\johnsja01,PF,31,MIA,28,580,11.3,.515,.374,.163,2.2,14.7,8.4,16.3,1.4,1.5,12.5,18.3,,0.1,0.7,0.8,.067,,-2.0,0.1,-1.9,0.0
244,Stanley Johnson\johnsst04,SF,22,DET,40,797,10.2,.489,.520,.151,2.9,17.7,9.9,9.3,2.5,1.2,13.6,20.1,,-0.7,1.1,0.4,.027,,-2.9,0.9,-2.0,0.0
245,Tyler Johnson\johnsty01,PG,26,MIA,37,927,13.5,.554,.491,.226,1.8,10.4,6.1,14.8,1.9,1.7,12.2,19.6,,0.6,1.1,1.7,.089,,0.0,0.0,-0.1,0.4
246,Wesley Johnson\johnswe01,SF,31,NOP,24,370,7.0,.532,.585,.073,2.9,12.3,7.7,5.3,1.3,1.6,12.4,10.8,,0.1,0.2,0.3,.033,,-1.9,-0.6,-2.5,0.0
247,Nikola Jokic\jokicni01,C,23,DEN,45,1397,26.8,.592,.244,.297,9.7,25.6,17.6,39.1,2.1,2.0,16.0,27.3,,4.6,2.2,6.7,.231,,6.3,3.3,9.6,4.1
248,Damian Jones\jonesda03,C,23,GSW,24,410,15.6,.720,.000,.500,8.5,11.2,9.9,8.8,1.4,5.2,15.1,11.1,,1.0,0.5,1.5,.170,,0.9,2.3,3.2,0.5
249,Derrick Jones\jonesde02,SF,21,MIA,33,602,16.4,.576,.263,.363,10.3,14.4,12.3,4.5,2.4,3.4,10.0,16.3,,0.9,1.0,1.8,.146,,-0.4,1.5,1.2,0.5
250,Jalen Jones\jonesja04,SF,25,CLE,16,214,11.9,.548,.452,.435,5.6,12.5,8.9,4.8,2.1,0.8,9.8,16.9,,0.2,0.0,0.2,.049,,-0.9,-2.5,-3.4,-0.1
251,Tyus Jones\jonesty01,PG,22,MIN,43,873,12.5,.461,.312,.160,1.6,7.3,4.4,26.2,3.0,0.3,9.6,13.5,,0.7,0.7,1.4,.076,,-1.2,-0.8,-2.0,0.0
252,DeAndre Jordan\jordade01,C,30,DAL,45,1401,18.1,.674,.000,.624,11.5,36.1,24.1,9.5,1.1,2.7,22.3,14.3,,2.4,2.4,4.8,.164,,-1.0,3.5,2.5,1.6
253,Cory Joseph\josepco01,PG,27,IND,45,1143,11.9,.523,.330,.073,1.9,13.4,7.8,20.4,2.1,0.7,14.7,14.0,,0.6,1.7,2.3,.098,,-1.2,1.3,0.0,0.6
254,Frank Kaminsky\kaminfr01,PF,25,CHO,23,262,16.3,.595,.430,.355,7.3,16.1,11.7,14.2,0.9,1.7,14.3,20.5,,0.4,0.2,0.6,.112,,0.8,-1.2,-0.4,0.1
255,Enes Kanter\kanteen01,C,26,NYK,41,1086,22.3,.593,.045,.284,15.3,28.5,21.6,12.7,0.8,1.3,13.2,22.4,,2.6,0.8,3.4,.151,,1.7,-0.2,1.5,1.0
256,Luke Kennard\kennalu01,SG,22,DET,27,542,11.4,.551,.480,.111,1.0,15.1,7.7,10.7,0.8,0.9,10.0,18.2,,0.3,0.5,0.8,.068,,-1.5,-0.9,-2.4,-0.1
257,Michael Kidd-Gilchrist\kiddgmi01,PF,25,CHO,38,753,15.3,.562,.117,.364,9.5,15.9,12.7,6.5,1.3,3.8,9.5,16.8,,1.2,0.8,2.0,.127,,-1.0,1.0,0.0,0.4
258,George King\kingge03,SF,25,PHO,1,6,2.0,,,,0.0,19.2,9.4,0.0,0.0,0.0,,0.0,,0.0,0.0,0.0,.003,,-8.7,-1.6,-10.3,0.0
259,Maxi Kleber\klebima01,PF,27,DAL,40,762,13.7,.574,.573,.226,6.2,15.2,10.8,5.4,1.3,5.5,10.6,13.7,,0.8,1.1,1.9,.118,,-0.8,2.6,1.9,0.7
260,Brandon Knight\knighbr03,PG,27,HOU,12,118,0.8,.347,.681,.234,0.9,7.9,4.3,10.9,0.8,0.0,8.8,21.1,,-0.3,0.0,-0.3,-0.121,,-6.7,-4.9,-11.6,-0.3
261,Kevin Knox\knoxke01,PF,19,NYK,37,1007,9.4,.483,.408,.244,3.0,13.6,8.0,5.1,1.0,0.9,9.1,22.0,,-0.7,0.3,-0.4,-0.018,,-2.8,-2.8,-5.6,-0.9
262,Furkan Korkmaz\korkmfu01,SG,21,PHI,38,570,11.3,.519,.602,.160,2.5,14.7,8.8,11.4,2.1,0.3,9.1,17.9,,0.2,0.6,0.9,.074,,-0.9,-1.1,-2.1,0.0
263,Luke Kornet\kornelu01,PF,23,NYK,22,342,18.0,.611,.683,.192,4.1,13.8,8.7,13.8,1.7,2.9,9.1,17.7,,0.8,0.2,1.0,.138,,2.9,-0.5,2.4,0.4
264,Kyle Korver\korveky01,SG-PF,37,TOT,41,755,12.5,.623,.708,.172,0.7,11.0,5.8,7.9,0.7,1.0,10.9,18.6,,0.9,0.5,1.4,.089,,0.8,-2.2,-1.4,0.1
264,Kyle Korver\korveky01,PF,37,CLE,16,251,11.5,.650,.711,.211,0.0,13.5,6.5,10.2,0.6,0.7,17.0,17.6,,0.3,-0.1,0.2,.036,,0.1,-3.7,-3.7,-0.1
264,Kyle Korver\korveky01,SG,37,UTA,25,504,13.0,.612,.707,.157,1.1,9.8,5.5,6.7,0.8,1.1,8.1,19.0,,0.6,0.6,1.2,.115,,1.2,-1.4,-0.3,0.2
265,Kosta Koufos\koufoko01,C,29,SAC,27,356,12.3,.473,.000,.129,11.1,27.0,18.9,9.5,1.6,2.9,15.1,14.7,,0.0,0.5,0.5,.068,,-3.9,2.1,-1.8,0.0
266,Rodions Kurucs\kurucro01,SF,20,BRK,30,616,13.5,.602,.371,.219,5.2,13.8,9.5,5.5,1.4,1.1,12.9,18.4,,0.7,0.5,1.2,.093,,-0.7,-0.8,-1.5,0.1
267,Kyle Kuzma\kuzmaky01,SF,23,LAL,45,1490,15.3,.564,.401,.233,2.6,15.7,9.4,11.1,1.0,1.0,10.9,24.1,,1.1,1.7,2.8,.090,,0.1,-0.8,-0.6,0.5
268,Skal Labissiere\labissk01,PF,22,SAC,11,99,6.4,.518,.370,.407,2.0,19.2,10.5,5.2,0.9,1.7,15.9,15.9,,-0.1,0.1,0.0,.007,,-5.0,-1.1,-6.1,-0.1
269,Jeremy Lamb\lambje01,SG,26,CHO,42,1216,16.5,.552,.310,.249,3.0,17.9,10.4,10.6,1.7,0.8,6.6,21.9,,1.7,1.2,2.8,.112,,0.4,-0.7,-0.3,0.5
270,Zach LaVine\lavinza01,SG,23,CHI,40,1358,17.2,.557,.280,.316,1.6,12.3,6.9,23.1,1.3,1.1,14.6,31.3,,0.1,0.7,0.8,.029,,0.8,-1.8,-1.0,0.3
271,Jake Layman\laymaja01,SF,24,POR,36,567,14.9,.627,.461,.133,5.1,11.6,8.4,4.6,1.4,1.3,8.6,15.7,,1.0,0.5,1.5,.127,,1.1,-0.9,0.2,0.3
272,T.J. Leaf\leaftj01,PF,21,IND,25,189,12.9,.531,.242,.177,9.1,16.7,13.0,8.2,0.8,0.9,9.5,17.0,,0.2,0.2,0.4,.101,,-1.9,-1.0,-3.0,0.0
273,Courtney Lee\leeco01,SG,33,NYK,10,149,14.1,.527,.333,.267,4.0,13.2,8.4,13.9,2.6,1.1,7.4,15.4,,0.2,0.1,0.3,.091,,-0.5,-0.1,-0.6,0.1
274,Damion Lee\leeda03,SG,26,GSW,16,195,10.8,.612,.534,.224,1.7,13.9,8.0,2.0,2.0,0.0,11.2,15.7,,0.1,0.2,0.3,.076,,-1.4,-2.6,-4.0,-0.1
275,Alex Len\lenal01,C,25,ATL,41,829,15.7,.556,.221,.341,11.4,18.9,15.1,7.5,0.8,4.2,13.9,22.2,,0.6,0.7,1.2,.072,,-1.8,-0.4,-2.2,0.0
276,Kawhi Leonard\leonaka01,SF,27,TOR,36,1259,27.3,.613,.253,.403,4.4,19.7,12.2,15.0,2.7,1.2,8.3,30.3,,4.2,2.1,6.3,.240,,4.9,0.9,5.7,2.4
277,Meyers Leonard\leoname01,C,26,POR,44,638,15.8,.647,.453,.201,6.6,23.2,15.1,11.9,0.9,1.1,14.5,15.2,,1.3,0.7,2.0,.154,,1.2,0.3,1.5,0.6
278,Jon Leuer\leuerjo01,PF,29,DET,29,322,14.1,.631,.098,.293,7.1,19.8,13.1,5.4,1.8,0.8,16.1,16.4,,0.4,0.4,0.8,.116,,-2.5,0.2,-2.3,0.0
279,Caris LeVert\leverca01,SF,24,BRK,14,416,18.4,.557,.299,.299,3.6,12.0,7.8,21.2,2.0,0.9,11.5,26.9,,0.5,0.4,0.9,.105,,1.5,-0.7,0.8,0.3
280,Damian Lillard\lillada01,PG,28,POR,47,1657,23.4,.588,.404,.350,2.5,10.6,6.6,28.5,1.3,1.1,11.1,30.1,,5.1,1.4,6.5,.188,,6.1,-1.3,4.8,2.8
281,Jeremy Lin\linje01,PG,30,ATL,40,783,16.5,.601,.349,.450,1.9,11.5,6.6,28.0,1.9,0.7,18.1,22.6,,1.2,0.5,1.7,.102,,0.6,-2.0,-1.4,0.1
282,Shaun Livingston\livinsh01,PG,33,GSW,35,542,12.4,.517,.015,.292,5.0,8.2,6.7,16.1,1.7,2.5,12.0,13.9,,0.6,0.5,1.1,.095,,-2.0,0.3,-1.7,0.0
283,Zach Lofton\loftoza01,SG,26,DET,1,4,-10.0,.000,1.000,.000,0.0,0.0,0.0,0.0,12.2,0.0,50.0,21.3,,-0.1,0.0,0.0,-0.444,,-16.8,8.1,-8.7,0.0
284,Kevon Looney\looneke01,C,22,GSW,46,973,16.6,.629,.038,.313,13.9,15.7,14.8,11.6,1.1,3.3,11.4,11.9,,2.7,1.0,3.7,.181,,2.0,1.7,3.6,1.4
285,Brook Lopez\lopezbr01,C,30,MIL,45,1243,13.7,.592,.691,.135,1.7,12.2,7.3,4.9,0.8,6.4,8.6,16.9,,1.1,2.2,3.3,.126,,-0.1,2.3,2.2,1.3
286,Robin Lopez\lopezro01,C,30,CHI,38,626,11.0,.555,.086,.171,8.1,9.8,9.0,8.8,0.5,4.3,20.2,17.9,,-0.2,0.3,0.1,.006,,-4.1,0.3,-3.7,-0.3
287,Kevin Love\loveke01,PF,30,CLE,4,136,15.7,.478,.369,.508,8.0,37.7,22.3,15.9,0.4,0.6,11.2,29.1,,0.0,0.0,0.1,.018,,-1.8,-2.7,-4.5,-0.1
288,Kyle Lowry\lowryky01,PG,32,TOR,37,1261,17.4,.552,.585,.269,1.6,12.3,7.1,37.5,2.1,1.1,17.7,19.4,,2.3,1.6,3.8,.146,,2.7,0.2,2.9,1.5
289,Jordan Loyd\loydjo01,PG,25,TOR,4,22,23.0,1.042,.500,1.000,5.0,28.8,17.2,12.3,0.0,0.0,25.8,15.2,,0.1,0.0,0.1,.290,,4.2,-1.4,2.8,0.0
290,Timothe Luwawu-Cabarrot\luwawti01,SF,23,OKC,20,121,3.8,.392,.524,.143,3.3,11.3,7.3,4.3,1.5,0.7,10.1,16.7,,-0.2,0.2,-0.1,-0.020,,-6.4,-1.6,-8.0,-0.2
291,Tyler Lydon\lydonty01,PF,22,DEN,17,70,11.2,.661,.600,.133,7.8,12.5,10.1,5.7,1.4,0.0,15.9,11.6,,0.1,0.1,0.2,.105,,0.0,-1.7,-1.7,0.0
292,Trey Lyles\lylestr01,PF,23,DEN,43,816,13.2,.505,.392,.256,4.5,20.4,12.4,10.9,1.4,2.1,11.6,23.5,,-0.1,1.0,0.9,.054,,-2.4,-0.7,-3.0,-0.2
293,Shelvin Mack\macksh01,PG,28,MEM,44,1019,12.1,.518,.328,.220,1.9,8.1,4.9,23.0,1.9,0.3,12.4,18.2,,0.4,0.9,1.3,.059,,-1.5,-1.4,-2.9,-0.2
294,Daryl Macon\maconda01,SG,23,DAL,2,4,32.4,1.000,.000,.000,0.0,0.0,0.0,0.0,12.1,0.0,0.0,10.7,,0.0,0.0,0.0,.335,,6.9,7.1,14.0,0.0
295,J.P. Macura\macurjp01,SG,23,CHO,1,14,0.5,.250,.500,.000,0.0,15.5,7.7,20.3,0.0,0.0,0.0,24.5,,-0.1,0.0,-0.1,-0.206,,-8.1,-4.7,-12.8,0.0
296,Ian Mahinmi\mahinia01,C,32,WAS,26,367,14.0,.579,.159,.826,11.2,17.1,14.1,7.5,2.5,3.2,15.3,12.9,,0.5,0.4,0.9,.122,,-1.3,1.8,0.4,0.2
297,Thon Maker\makerth01,C,21,MIL,34,405,13.1,.546,.582,.276,4.6,19.1,12.3,5.6,1.2,3.8,5.7,16.6,,0.4,0.8,1.1,.135,,-1.4,0.8,-0.5,0.1
298,Boban Marjanovic\marjabo01,C,30,LAC,32,329,24.4,.665,.016,.637,14.7,26.1,20.6,9.3,1.2,4.0,18.1,25.0,,0.9,0.4,1.3,.196,,0.7,0.4,1.2,0.3
299,Lauri Markkanen\markkla01,PF,21,CHI,23,713,15.4,.544,.442,.156,3.8,21.3,12.4,5.3,1.5,2.2,9.7,25.0,,-0.1,0.7,0.5,.037,,-1.4,-1.6,-3.0,-0.2
300,Jarell Martin\martija01,PF,24,ORL,27,218,8.4,.496,.409,.121,3.4,19.3,11.2,8.7,0.5,2.3,11.5,16.0,,-0.1,0.2,0.1,.028,,-4.6,-0.6,-5.1,-0.2
301,Frank Mason\masonfr01,PG,24,SAC,30,368,12.3,.483,.344,.351,1.1,9.2,5.1,27.6,1.9,0.9,15.1,20.1,,0.0,0.3,0.3,.037,,-2.2,-2.1,-4.3,-0.2
302,Wesley Matthews\matthwe02,SG,32,DAL,39,1171,11.7,.560,.547,.237,1.9,6.6,4.3,12.4,1.2,0.6,10.9,19.0,,1.1,0.8,1.9,.077,,0.5,-1.4,-0.9,0.3
303,Luc Mbah a Moute\mbahalu01,PF,32,LAC,4,61,7.0,.495,.333,.278,3.6,8.4,6.1,4.6,0.8,1.3,9.0,15.5,,0.0,0.0,0.0,.006,,-2.9,-2.0,-4.9,0.0
304,Patrick McCaw\mccawpa01,SG,23,TOT,5,77,-1.1,.292,.417,.000,0.0,8.7,4.3,6.5,1.9,1.0,36.8,10.8,,-0.3,0.0,-0.2,-0.152,,-9.0,0.1,-8.9,-0.1
304,Patrick McCaw\mccawpa01,SG,23,CLE,3,53,-0.7,.278,.444,.000,0.0,6.6,3.2,4.9,1.9,0.0,25.0,10.0,,-0.2,0.0,-0.2,-0.147,,-7.9,-1.4,-9.4,-0.1
304,Patrick McCaw\mccawpa01,SG,23,TOR,2,24,-1.9,.333,.333,.000,0.0,13.2,6.7,10.0,2.0,3.4,57.1,12.6,,-0.1,0.0,-0.1,-0.164,,-11.2,3.5,-7.7,0.0
305,CJ McCollum\mccolcj01,SG,27,POR,46,1564,16.2,.543,.328,.161,2.8,8.7,5.9,12.4,1.1,0.8,7.4,25.7,,2.0,1.1,3.1,.094,,1.3,-1.9,-0.6,0.5
306,T.J. McConnell\mccontj01,PG,26,PHI,41,861,13.4,.588,.115,.115,2.1,9.1,5.7,25.4,2.6,1.0,20.0,14.0,,0.9,1.0,1.9,.106,,-1.3,0.0,-1.4,0.1
307,Doug McDermott\mcderdo01,SF,27,IND,45,785,10.5,.623,.567,.196,1.2,6.8,4.0,6.1,0.7,0.6,9.3,14.9,,1.0,0.7,1.7,.103,,0.0,-1.9,-1.9,0.0
308,JaVale McGee\mcgeeja01,C,31,LAL,40,893,20.6,.605,.018,.216,11.6,19.6,15.7,5.4,1.4,8.0,13.9,19.4,,1.2,1.7,3.0,.159,,-1.6,3.9,2.3,1.0
309,Rodney McGruder\mcgruro01,SG,27,MIA,43,1185,9.7,.521,.470,.133,3.6,11.5,7.5,11.9,1.1,0.6,12.4,16.0,,0.4,1.1,1.5,.060,,-1.3,-0.3,-1.6,0.1
310,Alfonzo McKinnie\mckinal01,SF,26,GSW,37,536,11.4,.552,.426,.154,10.0,17.7,14.0,3.7,0.7,1.4,9.4,15.2,,0.6,0.4,1.0,.088,,-1.0,-2.2,-3.2,-0.2
311,Ben McLemore\mclembe01,SG,25,SAC,18,145,9.2,.508,.650,.150,1.4,9.5,5.4,3.7,1.9,1.2,5.9,19.5,,0.0,0.1,0.1,.030,,-1.6,-2.8,-4.4,-0.1
312,Jordan McRae\mcraejo01,SG,27,WAS,8,35,1.2,.182,.273,.000,3.1,12.8,7.8,7.1,1.4,2.4,0.0,13.4,,-0.1,0.0,-0.1,-0.142,,-9.7,-0.8,-10.5,-0.1
313,Salah Mejri\mejrisa01,C,32,DAL,14,86,17.0,.647,.091,.364,10.2,25.7,18.2,10.7,1.1,1.0,10.5,14.1,,0.2,0.1,0.3,.194,,-0.3,0.6,0.3,0.1
314,De'Anthony Melton\meltode01,PG,20,PHO,30,628,10.0,.453,.409,.099,2.5,12.3,7.3,23.0,3.6,2.3,21.3,16.6,,-0.7,0.6,-0.1,-0.004,,-3.4,1.4,-2.0,0.0
315,Chimezie Metu\metuch01,PF,21,SAS,19,105,12.3,.453,.048,.357,8.5,18.6,13.6,14.6,2.3,1.6,17.1,24.7,,-0.1,0.1,0.0,-0.005,,-5.2,0.3,-4.9,-0.1
316,Khris Middleton\middlkh01,SF,27,MIL,43,1330,16.0,.561,.450,.234,1.6,16.8,9.6,18.9,1.7,0.2,12.2,24.2,,1.4,2.1,3.5,.126,,0.7,0.1,0.8,1.0
317,C.J. Miles\milescj01,SF,31,TOR,35,504,6.8,.452,.654,.200,2.0,10.5,6.3,5.2,1.5,1.3,8.6,18.8,,-0.5,0.5,0.1,.006,,-3.1,-1.3,-4.4,-0.3
318,Darius Miller\milleda01,SF,28,NOP,41,969,8.1,.583,.768,.137,0.8,6.0,3.4,8.4,1.2,1.4,11.8,11.9,,0.7,0.3,0.9,.047,,0.2,-1.4,-1.3,0.2
319,Patty Mills\millspa02,PG,30,SAS,47,1117,12.8,.569,.587,.188,1.3,9.6,5.5,16.7,1.4,0.6,11.5,17.2,,1.3,0.8,2.1,.089,,1.4,-1.4,0.0,0.6
320,Paul Millsap\millspa01,PF,33,DEN,37,961,19.2,.569,.207,.387,8.8,19.4,14.1,10.6,2.5,2.9,10.7,20.9,,1.7,1.5,3.2,.158,,0.7,1.7,2.4,1.1
321,Shake Milton\miltosh01,SG,22,PHI,11,85,16.2,.541,.531,.156,7.8,10.9,9.4,16.8,1.7,2.8,5.5,18.0,,0.2,0.1,0.3,.156,,1.7,-0.6,1.2,0.1
322,Nikola Mirotic\mirotni01,PF,27,NOP,30,868,18.0,.594,.561,.255,5.4,24.7,15.3,5.4,1.1,2.1,7.4,21.7,,1.7,0.8,2.4,.134,,1.8,-1.9,-0.1,0.4
323,Donovan Mitchell\mitchdo01,SG,22,UTA,43,1415,15.6,.522,.359,.229,1.8,10.1,6.0,19.6,2.4,0.9,11.8,30.9,,-0.3,2.2,1.8,.062,,-0.1,0.0,-0.1,0.7
324,Naz Mitrou-Long\mitrona01,SG,25,UTA,6,27,-0.8,.500,.800,.000,0.0,0.0,0.0,14.9,0.0,0.0,37.5,12.8,,-0.1,0.0,0.0,-0.074,,-7.9,-5.4,-13.3,-0.1
325,Malik Monk\monkma01,SG,20,CHO,42,779,12.9,.527,.547,.192,1.1,8.3,4.7,15.0,1.5,1.1,11.7,25.4,,0.0,0.5,0.5,.031,,-0.3,-2.9,-3.3,-0.2
326,Greg Monroe\monrogr01,C,28,TOR,31,354,14.8,.501,.029,.353,16.2,24.5,20.4,5.3,1.4,1.8,14.8,23.0,,0.0,0.5,0.6,.078,,-4.1,-0.8,-4.9,-0.3
327,E'Twaun Moore\mooreet01,SF,29,NOP,41,1231,11.6,.568,.319,.112,2.8,5.8,4.3,9.5,1.2,0.5,8.7,16.9,,1.3,0.2,1.5,.059,,0.4,-2.1,-1.8,0.1
328,Eric Moreland\moreler01,PF,27,PHO,1,5,4.1,,,,0.0,69.2,33.9,0.0,0.0,0.0,,0.0,,0.0,0.0,0.0,.077,,-14.0,-3.8,-17.9,0.0
329,Jaylen Morris\morrija01,SG,23,MIL,4,29,12.3,.460,.300,.200,0.0,16.9,8.9,18.1,3.2,0.0,8.4,17.3,,0.0,0.1,0.1,.088,,-3.7,1.0,-2.7,0.0
330,Marcus Morris\morrima03,PF,29,BOS,42,1143,16.3,.618,.466,.216,3.2,20.7,11.9,7.3,1.0,1.0,9.9,21.1,,1.8,1.6,3.4,.144,,0.8,-0.9,-0.1,0.5
331,Markieff Morris\morrima02,PF,29,WAS,34,883,12.5,.543,.439,.223,5.0,16.8,10.8,9.8,1.3,1.9,11.5,19.7,,0.4,0.6,1.0,.052,,-1.1,-0.9,-2.0,0.0
332,Monte Morris\morrimo01,PG,23,DEN,45,1079,16.0,.553,.310,.109,1.9,9.3,5.6,23.0,2.0,0.2,6.7,17.2,,2.3,0.9,3.2,.143,,1.3,-1.4,-0.1,0.5
333,Johnathan Motley\motlejo01,PF,23,LAC,6,22,37.8,.569,.111,.389,25.0,4.6,14.5,30.9,0.0,3.5,4.5,42.6,,0.1,0.0,0.1,.295,,12.4,-2.0,10.4,0.1
334,Emmanuel Mudiay\mudiaem01,PG,22,NYK,37,990,15.9,.531,.274,.253,2.4,10.0,6.0,25.0,1.5,1.1,12.9,25.2,,0.6,0.3,0.9,.044,,0.6,-2.0,-1.4,0.1
335,Jamal Murray\murraja01,PG,21,DEN,45,1523,15.4,.528,.327,.194,3.1,11.4,7.3,21.8,1.2,1.0,12.1,25.7,,1.4,1.2,2.6,.081,,0.5,-1.3,-0.8,0.5
336,Dzanan Musa\musadz01,SG,19,BRK,7,26,5.6,.403,.429,.143,4.1,8.4,6.2,6.5,3.7,0.0,16.8,29.5,,-0.1,0.0,-0.1,-0.183,,-8.0,-2.4,-10.4,-0.1
337,Mike Muscala\muscami01,PF,27,PHI,40,882,10.8,.568,.726,.270,5.3,14.7,10.2,8.7,0.9,2.1,12.8,14.5,,0.8,0.9,1.7,.092,,-0.1,-0.2,-0.3,0.4
338,Sviatoslav Mykhailiuk\mykhasv01,SF,21,LAL,33,336,5.8,.463,.660,.155,2.2,4.7,3.5,10.3,1.4,0.0,14.1,15.8,,-0.3,0.3,0.0,-0.005,,-3.4,-2.2,-5.6,-0.3
339,Abdel Nader\naderab01,SF,25,OKC,27,229,11.0,.588,.367,.101,1.8,16.1,8.8,3.7,1.0,0.7,10.8,16.4,,0.2,0.3,0.4,.094,,-3.6,-1.9,-5.4,-0.2
340,Larry Nance\nancela02,C,26,CLE,39,998,19.0,.588,.152,.323,9.2,24.2,16.4,18.7,2.9,2.2,14.8,15.3,,1.9,0.8,2.7,.131,,1.5,2.5,4.0,1.5
341,Shabazz Napier\napiesh01,PG,27,BRK,35,584,15.6,.543,.478,.308,2.0,9.9,5.9,19.2,2.1,1.3,11.7,23.9,,0.6,0.5,1.1,.094,,0.4,-1.2,-0.8,0.2
342,Raul Neto\netora01,PG,26,UTA,19,228,13.9,.617,.386,.200,1.0,12.8,6.9,25.3,1.7,0.0,19.1,17.8,,0.3,0.3,0.6,.124,,-0.7,-0.5,-1.2,0.0
343,Georges Niang\niangge01,PF,25,UTA,33,233,12.4,.592,.699,.108,1.9,14.8,8.4,11.0,1.2,1.0,10.3,18.0,,0.2,0.3,0.6,.116,,0.0,-0.7,-0.7,0.1
344,Joakim Noah\noahjo01,C,33,MEM,20,234,11.5,.475,.000,.403,9.1,29.1,18.9,15.9,1.7,4.1,22.6,19.9,,-0.3,0.4,0.1,.018,,-6.6,3.4,-3.2,-0.1
345,Nerlens Noel\noelne01,C,24,OKC,41,559,21.5,.628,.000,.338,12.7,21.0,16.7,5.4,3.5,8.5,12.8,13.6,,1.2,1.5,2.7,.232,,-1.1,6.5,5.5,1.1
346,Dirk Nowitzki\nowitdi01,PF,40,DAL,15,150,4.2,.390,.656,.094,0.0,19.7,10.0,5.9,0.3,2.7,5.7,20.1,,-0.3,0.2,-0.1,-0.045,,-6.3,-1.7,-8.0,-0.2
347,Frank Ntilikina\ntilila01,PG,20,NYK,37,784,6.1,.428,.417,.113,1.1,8.8,4.8,17.5,1.5,1.4,15.6,16.6,,-1.0,0.3,-0.7,-0.045,,-4.0,-1.3,-5.3,-0.6
348,James Nunnally\nunnaja01,SF,28,TOT,15,102,7.3,.503,.735,.118,0.0,5.4,2.6,9.7,0.5,0.0,2.7,15.4,,0.1,0.0,0.1,.034,,-1.5,-4.8,-6.3,-0.1
348,James Nunnally\nunnaja01,SF,28,MIN,13,64,12.1,.593,.619,.190,0.0,6.8,3.3,11.1,0.8,0.0,4.2,15.6,,0.1,0.0,0.1,.100,,0.3,-4.1,-3.8,0.0
348,James Nunnally\nunnaja01,SF,28,HOU,2,38,-0.8,.346,.923,.000,0.0,3.1,1.5,7.4,0.0,0.0,0.0,15.0,,-0.1,0.0,-0.1,-0.076,,-4.7,-5.8,-10.5,-0.1
349,Jusuf Nurkic\nurkiju01,C,24,POR,47,1271,23.5,.564,.046,.433,13.5,26.7,20.3,18.2,1.9,4.3,14.4,24.2,,2.7,2.3,4.9,.186,,1.5,4.1,5.6,2.4
350,David Nwaba\nwabada01,SG,26,CLE,21,345,11.9,.517,.354,.505,3.1,16.2,9.4,6.4,1.9,1.7,6.9,16.7,,0.2,0.1,0.3,.041,,-2.0,-1.5,-3.5,-0.1
351,Royce O'Neale\onealro01,SF,25,UTA,47,829,9.2,.582,.451,.149,1.7,18.6,10.3,10.2,1.6,1.2,17.7,11.8,,0.2,1.3,1.5,.089,,-2.6,2.3,-0.3,0.4
352,Kyle O'Quinn\oquinky01,C,28,IND,23,185,16.9,.510,.139,.139,10.5,25.2,18.1,24.4,0.8,6.8,17.3,21.8,,0.1,0.4,0.5,.122,,-2.0,4.2,2.2,0.2
353,Semi Ojeleye\ojelese01,PF,24,BOS,33,370,8.3,.514,.575,.170,4.3,11.9,8.1,4.4,0.8,0.5,8.8,14.6,,0.1,0.4,0.4,.056,,-2.6,-1.7,-4.4,-0.2
354,Jahlil Okafor\okafoja01,C,23,NOP,27,240,16.9,.560,.011,.301,13.1,21.1,17.2,6.5,0.8,2.4,9.5,20.0,,0.4,0.2,0.6,.122,,-1.5,-1.9,-3.4,-0.1
355,Elie Okobo\okoboel01,PG,21,PHO,29,528,7.8,.482,.419,.169,1.3,10.5,5.8,19.0,2.0,0.6,17.8,18.5,,-0.5,0.2,-0.3,-0.026,,-3.7,-1.8,-5.5,-0.5
356,Josh Okogie\okogijo01,SG,20,MIN,37,794,8.7,.478,.435,.351,2.8,12.0,7.3,7.5,1.9,1.6,10.7,16.4,,-0.3,0.6,0.4,.021,,-2.7,0.0,-2.7,-0.1
357,Victor Oladipo\oladivi01,SG,26,IND,34,1104,17.8,.520,.369,.245,2.2,17.3,9.9,24.6,2.5,0.9,11.5,27.9,,0.5,1.9,2.4,.105,,1.1,1.0,2.2,1.2
358,Kelly Olynyk\olynyke01,PF,27,MIA,43,859,14.5,.594,.651,.388,4.9,17.3,11.1,12.6,1.5,1.4,15.1,19.0,,1.1,1.1,2.2,.122,,1.0,0.0,1.0,0.7
359,Cedi Osman\osmande01,SF,23,CLE,45,1415,9.4,.509,.432,.222,1.7,15.4,8.3,10.0,1.1,0.5,12.6,18.6,,-0.4,-0.1,-0.5,-0.017,,-1.9,-2.0,-3.9,-0.7
360,Kelly Oubre\oubreke01,SF,23,TOT,45,1173,14.0,.550,.424,.298,3.4,14.9,9.1,5.2,1.7,2.5,9.1,22.0,,0.5,0.8,1.3,.052,,-1.5,-1.7,-3.2,-0.4
360,Kelly Oubre\oubreke01,SF,23,WAS,29,755,13.5,.545,.433,.279,3.4,15.6,9.4,3.9,1.7,2.3,8.1,21.0,,0.3,0.5,0.9,.055,,-1.8,-1.7,-3.5,-0.3
360,Kelly Oubre\oubreke01,SF,23,PHO,16,418,15.0,.559,.408,.330,3.4,13.8,8.5,7.6,1.6,3.0,10.9,23.9,,0.2,0.2,0.4,.047,,-1.1,-1.6,-2.6,-0.1
361,Zaza Pachulia\pachuza01,C,34,DET,35,497,16.1,.522,.035,.678,14.2,22.5,18.1,15.8,2.5,1.5,15.8,15.2,,0.8,0.8,1.6,.152,,-0.8,3.3,2.4,0.6
362,Jabari Parker\parkeja01,PF,23,CHI,34,958,13.7,.531,.241,.234,4.4,21.0,12.6,13.4,1.0,1.0,14.5,25.5,,-0.6,0.7,0.1,.003,,-2.6,-1.0,-3.6,-0.4
363,Tony Parker\parketo01,PG,36,CHO,40,743,14.9,.502,.103,.292,1.3,7.6,4.4,32.7,1.0,0.6,12.2,25.1,,0.4,0.4,0.8,.050,,-1.7,-3.4,-5.1,-0.6
364,Chandler Parsons\parsoch01,SF,30,MEM,3,46,7.0,.500,.588,.000,2.4,7.7,5.0,7.0,1.1,2.1,10.5,18.9,,0.0,0.0,0.0,-0.008,,-3.5,-2.1,-5.5,0.0
365,Patrick Patterson\pattepa01,PF,29,OKC,45,659,8.8,.490,.633,.164,4.9,12.8,8.8,5.0,0.9,1.5,7.8,12.7,,0.2,0.8,1.0,.074,,-2.8,-0.4,-3.2,-0.2
366,Chris Paul\paulch01,PG,33,HOU,26,862,18.1,.544,.455,.291,2.0,12.1,6.9,38.0,3.1,0.8,17.1,22.8,,1.5,0.8,2.3,.126,,1.8,-0.7,1.1,0.7
367,Cameron Payne\payneca01,PG,24,TOT,38,671,11.8,.523,.374,.166,1.9,9.3,5.6,23.2,1.8,1.0,15.3,17.7,,0.1,0.3,0.4,.031,,-1.9,-1.8,-3.6,-0.3
367,Cameron Payne\payneca01,PG,24,CHI,31,536,10.4,.492,.351,.149,2.0,8.8,5.4,23.4,1.8,1.0,16.0,17.6,,-0.2,0.3,0.1,.010,,-2.9,-1.5,-4.4,-0.3
367,Cameron Payne\payneca01,PG,24,CLE,7,135,17.2,.643,.465,.233,1.6,11.2,6.2,22.3,1.5,1.3,12.9,17.8,,0.3,0.0,0.3,.114,,2.2,-2.8,-0.7,0.0
368,Elfrid Payton\paytoel01,PG,24,NOP,15,388,14.0,.542,.198,.191,3.3,12.0,7.8,29.4,2.2,0.4,21.1,19.2,,0.2,0.2,0.4,.054,,-0.8,-0.9,-1.7,0.0
369,Theo Pinson\pinsoth01,SG,23,BRK,7,72,7.7,.437,.550,.200,1.5,13.6,7.5,22.9,0.7,0.0,15.5,15.3,,0.0,0.0,0.0,.012,,-3.7,-2.0,-5.7,-0.1
370,Mason Plumlee\plumlma01,C,28,DEN,45,897,18.3,.598,.017,.476,11.2,21.3,16.2,17.8,2.5,3.9,19.1,16.5,,1.4,1.5,2.9,.156,,0.3,3.9,4.2,1.4
371,Miles Plumlee\plumlmi01,C,30,ATL,18,173,18.9,.654,.000,.625,9.6,14.4,11.9,15.0,1.6,2.0,14.0,16.7,,0.4,0.1,0.5,.146,,0.2,-0.1,0.2,0.1
372,Jakob Poeltl\poeltja01,C,23,SAS,43,663,19.1,.639,.000,.365,16.1,19.3,17.7,11.2,0.6,3.9,14.8,14.4,,1.8,0.7,2.5,.184,,1.8,1.7,3.6,0.9
373,Quincy Pondexter\pondequ01,SF,30,SAS,34,194,13.5,.656,.400,.943,3.4,15.7,9.6,10.6,2.0,0.4,16.8,13.6,,0.3,0.2,0.6,.136,,-0.1,-0.3,-0.4,0.1
374,Otto Porter\porteot01,SF,25,WAS,33,957,16.1,.578,.387,.151,3.5,18.5,10.8,9.6,2.5,1.7,8.5,17.9,,1.1,0.9,2.0,.101,,0.2,0.5,0.7,0.6
375,Bobby Portis\portibo01,PF,23,CHI,15,344,16.1,.502,.259,.229,9.7,26.2,17.9,10.5,1.0,1.8,10.1,26.8,,-0.1,0.3,0.2,.033,,-2.2,-1.4,-3.7,-0.1
376,Dwight Powell\poweldw01,C,27,DAL,41,679,20.1,.650,.276,.561,9.6,17.8,13.8,9.8,1.4,2.9,11.6,19.6,,2.0,0.9,2.8,.201,,2.0,0.9,2.9,0.8
377,Norman Powell\powelno01,SG,25,TOR,26,478,13.2,.587,.417,.160,0.7,10.4,5.6,11.4,2.1,1.0,11.2,17.0,,0.5,0.6,1.0,.105,,-0.3,0.0,-0.3,0.2
378,Alex Poythress\poythal01,PF,25,ATL,18,243,12.8,.593,.277,.323,10.2,15.6,12.9,7.7,0.6,2.8,11.9,14.1,,0.3,0.1,0.5,.095,,-1.1,-0.6,-1.7,0.0
379,Zhou Qi\qizh01,PF,23,HOU,1,1,81.5,1.000,.000,.000,0.0,0.0,0.0,0.0,0.0,0.0,0.0,43.8,,0.0,0.0,0.0,1.265,,22.7,-13.2,9.5,0.0
380,Ivan Rabb\rabbiv01,PF,21,MEM,17,118,20.1,.652,.053,.342,17.1,29.9,23.3,16.4,0.4,2.4,22.9,22.0,,0.2,0.2,0.4,.145,,-0.7,0.7,-0.1,0.1
381,Chasson Randle\randlch01,PG,25,WAS,15,236,11.0,.585,.464,.290,2.7,6.6,4.7,16.9,1.8,0.4,17.9,17.1,,0.2,0.1,0.2,.049,,-1.2,-2.6,-3.8,-0.1
382,Julius Randle\randlju01,C,24,NOP,45,1328,21.8,.614,.141,.475,8.0,24.6,16.5,15.1,0.9,1.6,13.1,26.3,,3.2,1.1,4.3,.155,,2.1,-0.5,1.5,1.2
383,J.J. Redick\redicjj01,SG,34,PHI,45,1400,15.2,.601,.568,.250,0.8,6.6,3.8,13.7,0.6,0.4,8.5,22.8,,2.7,0.7,3.4,.116,,2.5,-3.8,-1.2,0.3
384,Davon Reed\reedda01,SG,23,IND,4,10,-5.5,.000,.000,.000,0.0,0.0,0.0,0.0,0.0,0.0,0.0,4.4,,0.0,0.0,0.0,-0.084,,-9.2,-0.6,-9.8,0.0
385,Josh Richardson\richajo01,SG,25,MIA,42,1448,14.9,.538,.436,.228,2.5,9.4,5.9,17.9,1.5,1.3,9.3,22.7,,1.8,1.5,3.2,.107,,1.4,-0.7,0.7,1.0
386,Malachi Richardson\richama01,SG,23,TOR,21,102,1.1,.481,.862,.172,2.2,11.4,6.9,0.0,0.5,0.0,20.4,16.6,,-0.2,0.1,-0.1,-0.063,,-6.0,-4.6,-10.6,-0.2
387,Austin Rivers\riverau01,SG-PG,26,TOT,42,1183,8.3,.517,.577,.176,1.4,8.9,5.1,12.5,1.1,1.0,11.5,14.9,,0.2,0.3,0.6,.022,,-1.7,-1.7,-3.4,-0.4
387,Austin Rivers\riverau01,SG,26,WAS,29,683,7.0,.490,.546,.237,1.7,9.8,5.7,11.4,1.3,1.2,14.4,15.6,,-0.4,0.2,-0.2,-0.015,,-3.0,-1.4,-4.4,-0.4
387,Austin Rivers\riverau01,PG,26,HOU,13,500,10.0,.555,.620,.092,0.9,7.7,4.2,14.0,0.9,0.7,6.9,13.9,,0.7,0.1,0.8,.073,,0.2,-2.1,-1.9,0.0
388,Devin Robinson\robinde01,SF,23,WAS,4,32,26.4,.607,.000,.462,6.7,17.5,12.0,10.3,4.5,2.7,0.0,20.8,,0.1,0.0,0.1,.225,,1.5,1.2,2.7,0.0
389,Duncan Robinson\robindu01,PF,24,MIA,4,29,6.6,.500,1.000,.000,0.0,18.2,9.1,0.0,1.7,0.0,0.0,8.8,,0.0,0.0,0.0,.065,,-4.4,-2.8,-7.1,0.0
390,Glenn Robinson\robingl02,SF,25,DET,28,409,7.2,.486,.354,.274,2.3,8.1,5.0,4.6,1.2,1.0,9.3,14.6,,-0.1,0.3,0.3,.031,,-4.1,-0.6,-4.7,-0.3
391,Jerome Robinson\robinje01,SG,21,LAC,9,48,11.3,.614,.500,.000,0.0,6.4,3.3,3.4,0.0,0.0,8.3,21.2,,0.0,0.0,0.0,.037,,-0.3,-5.7,-6.1,0.0
392,Mitchell Robinson\robinmi01,C,20,NYK,29,491,16.9,.642,.000,.352,12.4,11.2,11.8,5.3,1.9,8.9,13.2,10.4,,1.0,0.6,1.5,.149,,-0.1,4.9,4.7,0.8
393,Rajon Rondo\rondora01,PG,32,LAL,14,341,14.2,.505,.252,.117,3.4,14.8,9.3,37.4,1.9,0.0,20.4,17.9,,0.2,0.4,0.7,.092,,-1.2,-0.1,-1.3,0.1
394,Derrick Rose\rosede01,PG,30,MIN,35,1028,19.8,.570,.224,.215,2.3,8.0,5.1,27.5,1.1,0.8,9.4,26.3,,2.2,0.3,2.6,.120,,3.1,-2.6,0.4,0.6
395,Terrence Ross\rosste01,SG,27,ORL,46,1202,14.4,.555,.499,.124,1.2,11.9,6.5,9.2,1.7,1.3,7.7,23.0,,0.5,1.1,1.6,.065,,0.2,-1.4,-1.2,0.3
396,Terry Rozier\roziete01,PG,24,BOS,46,1042,12.4,.485,.503,.146,2.3,16.9,9.6,17.5,1.9,1.1,9.3,18.4,,0.3,1.6,1.9,.086,,-1.3,0.8,-0.5,0.4
397,Ricky Rubio\rubiori01,PG,28,UTA,40,1168,12.5,.510,.366,.245,1.4,11.7,6.6,31.8,2.2,0.6,19.6,23.1,,-0.3,1.8,1.4,.059,,-1.4,0.6,-0.7,0.4
398,D'Angelo Russell\russeda01,PG,22,BRK,46,1359,18.4,.532,.410,.107,1.8,11.9,6.8,37.7,1.8,0.8,14.0,30.1,,1.2,1.1,2.3,.081,,2.9,-1.0,1.8,1.3
399,Domantas Sabonis\sabondo01,C,22,IND,43,1089,24.1,.665,.020,.412,11.9,30.1,21.2,17.9,1.3,1.7,16.7,23.3,,3.2,2.1,5.3,.233,,2.6,2.3,5.0,1.9
400,Dario Saric\saricda01,PF,24,TOT,44,1113,11.8,.541,.469,.206,6.1,18.0,12.1,8.8,1.0,0.4,11.8,18.0,,0.7,0.8,1.6,.068,,-0.6,-1.2,-1.8,0.1
400,Dario Saric\saricda01,PF,24,PHI,13,396,8.2,.496,.530,.227,5.9,16.9,11.6,9.0,0.5,0.6,14.7,18.1,,-0.1,0.3,0.2,.025,,-2.4,-1.5,-3.9,-0.2
400,Dario Saric\saricda01,PF,24,MIN,31,717,13.9,.565,.437,.194,6.3,18.6,12.4,8.7,1.3,0.4,10.2,17.9,,0.9,0.5,1.4,.092,,0.3,-1.0,-0.7,0.2
401,Tomas Satoransky\satorto01,SG,27,WAS,45,1015,13.4,.591,.310,.278,3.6,9.9,6.7,20.8,2.0,0.7,15.6,13.7,,1.5,0.5,2.0,.096,,-0.2,-0.8,-1.0,0.3
402,Dennis Schroder\schrode01,PG,25,OKC,44,1269,12.7,.497,.290,.199,1.7,11.4,6.4,22.2,1.5,0.5,14.0,25.4,,-0.3,1.6,1.3,.048,,-2.3,-1.1,-3.4,-0.5
403,Mike Scott\scottmi01,PF,30,LAC,45,630,9.4,.497,.578,.083,3.8,21.2,12.9,8.2,1.3,1.0,10.0,14.9,,0.0,0.6,0.6,.046,,-1.6,-0.3,-1.9,0.0
404,Thabo Sefolosha\sefolth01,SF,34,UTA,26,289,11.5,.616,.483,.241,1.5,25.7,13.8,4.8,3.8,0.3,18.9,11.8,,0.0,0.7,0.7,.108,,-3.2,3.2,0.0,0.1
405,Wayne Selden\seldewa01,SG,24,TOT,39,563,8.2,.483,.389,.189,3.6,7.2,5.4,12.7,1.1,1.0,12.0,18.9,,-0.4,0.4,0.0,-0.002,,-3.5,-2.1,-5.6,-0.5
405,Wayne Selden\seldewa01,SG,24,MEM,32,455,9.0,.495,.391,.180,3.9,7.2,5.5,12.6,1.1,1.3,11.7,19.8,,-0.2,0.3,0.1,.010,,-3.1,-1.9,-5.0,-0.3
405,Wayne Selden\seldewa01,SG,24,CHI,7,108,4.7,.421,.379,.241,2.0,7.1,4.5,13.3,0.9,0.0,13.5,15.2,,-0.1,0.0,-0.1,-0.056,,-5.4,-2.7,-8.2,-0.2
406,Collin Sexton\sextoco01,PG,20,CLE,47,1399,10.0,.491,.161,.211,2.2,9.3,5.6,15.7,0.9,0.2,13.6,25.4,,-1.2,-0.5,-1.6,-0.056,,-3.2,-3.7,-6.9,-1.7
407,Landry Shamet\shamela01,SG,21,PHI,47,936,10.5,.598,.710,.152,1.5,6.4,4.1,6.7,1.1,0.6,6.8,15.3,,1.2,0.6,1.8,.091,,0.8,-2.4,-1.6,0.1
408,Iman Shumpert\shumpim01,SG,28,SAC,36,922,10.6,.526,.586,.108,1.9,10.3,6.0,10.1,2.1,1.3,9.1,15.4,,0.4,0.8,1.2,.061,,-0.2,0.0,-0.2,0.4
409,Pascal Siakam\siakapa01,PF,24,TOR,47,1459,18.6,.638,.203,.324,5.5,18.5,12.1,13.7,1.6,1.8,13.2,18.8,,3.3,2.0,5.3,.174,,2.0,1.9,3.9,2.2
410,Ben Simmons\simmobe01,PG,22,PHI,46,1536,21.2,.595,.000,.478,7.6,22.4,15.3,37.7,1.8,1.8,20.1,22.1,,3.1,2.2,5.3,.166,,2.0,2.7,4.8,2.6
411,Jonathon Simmons\simmojo02,SG,29,ORL,36,743,7.3,.443,.279,.233,2.6,9.6,6.0,15.7,1.1,1.5,14.8,20.2,,-1.1,0.5,-0.6,-0.038,,-5.2,-0.9,-6.1,-0.8
412,Anfernee Simons\simonan01,SG,19,POR,10,57,-4.8,.291,.333,.167,0.0,12.6,6.5,9.6,0.0,0.0,18.9,23.7,,-0.3,0.0,-0.3,-0.272,,-12.3,-3.6,-16.0,-0.2
413,Marcus Smart\smartma01,SG,24,BOS,45,1185,13.2,.564,.619,.267,2.9,8.7,5.8,19.9,3.3,1.2,16.3,13.7,,1.4,1.9,3.3,.134,,0.7,1.7,2.4,1.3
414,Dennis Smith\smithde03,PG,21,DAL,28,776,11.4,.534,.349,.242,2.1,7.9,5.1,22.0,2.4,1.1,20.7,22.8,,-0.5,0.8,0.3,.019,,-2.0,0.0,-2.0,0.0
415,Ish Smith\smithis01,PG,30,DET,25,580,8.7,.474,.367,.081,0.2,8.6,4.2,19.0,0.9,1.0,10.2,18.8,,-0.2,0.5,0.3,.024,,-2.9,-1.5,-4.4,-0.4
416,J.R. Smith\smithjr01,SG,33,CLE,11,222,8.0,.444,.494,.127,0.0,9.5,4.6,13.9,2.5,1.2,11.7,18.8,,-0.3,0.0,-0.2,-0.047,,-3.2,-2.0,-5.2,-0.2
417,Jason Smith\smithja02,C-PF,32,TOT,18,170,10.6,.507,.380,.280,8.9,21.7,15.3,10.2,0.8,3.5,17.6,17.0,,0.0,0.2,0.2,.050,,-3.8,0.2,-3.6,-0.1
417,Jason Smith\smithja02,C,32,WAS,12,130,11.9,.520,.270,.324,9.1,22.4,15.6,12.4,0.4,3.3,14.2,16.2,,0.1,0.1,0.2,.071,,-3.0,-0.2,-3.1,0.0
417,Jason Smith\smithja02,PF,32,MIL,6,40,6.4,.468,.692,.154,8.3,19.5,14.3,3.1,2.3,4.3,26.5,19.9,,-0.1,0.1,0.0,-0.018,,-6.7,1.3,-5.3,0.0
418,Tony Snell\snellto01,SG,27,MIL,45,776,11.4,.607,.607,.146,2.6,9.6,6.3,6.0,0.9,1.0,6.4,13.5,,1.1,1.0,2.1,.128,,0.0,-0.6,-0.6,0.3
419,Ray Spalding\spaldra01,PF,21,DAL,1,1,0.0,,,,0.0,0.0,0.0,0.0,0.0,0.0,,0.0,,0.0,0.0,0.0,.004,,-6.2,0.6,-5.6,0.0
420,Omari Spellman\spellom01,PF,21,ATL,28,480,13.6,.528,.500,.230,9.9,15.8,12.8,7.8,1.6,3.6,10.4,15.4,,0.5,0.4,0.9,.088,,-0.8,0.6,-0.1,0.2
421,Nik Stauskas\stausni01,SG,25,POR,43,668,11.1,.547,.548,.158,1.6,10.8,6.3,13.0,1.0,0.5,13.8,18.0,,0.3,0.5,0.8,.056,,-0.8,-1.7,-2.5,-0.1
422,D.J. Stephens\stephdj01,SG,28,MEM,1,7,5.6,.500,.000,.000,0.0,0.0,0.0,0.0,7.2,0.0,33.3,19.6,,0.0,0.0,0.0,-0.123,,-10.0,2.5,-7.5,0.0
423,Lance Stephenson\stephla01,SG,28,LAL,46,700,13.0,.537,.424,.141,3.0,16.4,9.9,18.5,1.9,0.6,15.7,21.1,,0.0,0.9,1.0,.066,,-1.4,0.0,-1.4,0.1
424,Edmond Sumner\sumneed01,PG,23,IND,9,34,-5.4,.282,.500,.250,6.7,3.2,4.9,3.6,1.4,0.0,31.1,16.5,,-0.2,0.0,-0.1,-0.193,,-9.8,-1.5,-11.2,-0.1
425,Caleb Swanigan\swanica01,PF,21,POR,16,134,4.2,.377,.105,.184,10.5,28.4,19.6,6.8,1.4,0.0,26.7,17.8,,-0.4,0.2,-0.2,-0.075,,-8.5,-0.1,-8.6,-0.2
426,Jayson Tatum\tatumja01,SF,20,BOS,46,1432,15.9,.552,.336,.241,3.5,18.2,10.8,8.8,1.6,2.3,9.1,22.6,,1.2,2.2,3.5,.116,,-0.8,0.6,-0.2,0.6
427,Jeff Teague\teaguje01,PG,30,MIN,30,915,14.9,.522,.276,.379,1.3,7.0,4.1,36.9,1.8,1.2,17.1,18.8,,1.1,0.5,1.6,.081,,-0.2,-2.2,-2.5,-0.1
428,Garrett Temple\templga01,SG,32,MEM,46,1443,9.1,.558,.534,.195,1.3,10.0,5.6,6.5,1.6,1.6,11.3,14.3,,0.1,1.4,1.5,.051,,-1.7,0.5,-1.1,0.3
429,Milos Teodosic\teodomi01,PG,31,LAC,15,150,6.7,.557,.675,.175,2.2,8.8,5.7,28.9,1.0,0.5,32.8,18.1,,-0.1,0.1,-0.1,-0.023,,-2.5,-3.0,-5.5,-0.1
430,Jared Terrell\terreja01,SG,23,MIN,3,26,-8.1,.155,.333,.167,4.0,4.2,4.1,9.5,3.7,3.3,18.9,25.7,,-0.2,0.0,-0.2,-0.382,,-14.9,0.1,-14.8,-0.1
431,Daniel Theis\theisda01,C,26,BOS,35,531,17.3,.619,.252,.319,10.8,17.8,14.3,10.4,1.0,3.4,10.2,16.9,,1.4,0.8,2.2,.195,,1.0,1.2,2.2,0.6
432,Khyri Thomas\thomakh01,SG,22,DET,11,95,11.7,.561,.517,.310,2.2,12.0,6.9,4.7,1.5,1.8,5.7,15.7,,0.1,0.1,0.2,.105,,-1.7,-0.7,-2.4,0.0
433,Lance Thomas\thomala01,PF,30,NYK,18,276,6.1,.458,.387,.210,3.3,15.1,8.9,5.0,1.9,1.2,14.0,12.1,,-0.2,0.2,0.0,-0.002,,-4.4,0.0,-4.4,-0.2
434,Klay Thompson\thompkl01,SG,28,GSW,46,1579,15.9,.549,.406,.127,1.5,11.2,6.5,8.7,1.8,1.7,7.5,26.5,,1.0,1.4,2.4,.072,,0.0,-2.0,-2.0,0.0
435,Tristan Thompson\thomptr01,C,27,CLE,35,1043,18.9,.547,.000,.258,16.0,26.3,20.9,11.3,1.3,1.3,12.0,17.7,,1.9,0.4,2.2,.103,,0.6,0.1,0.7,0.7
436,Sindarius Thornwell\thornsi01,SG,24,LAC,29,150,4.5,.536,.308,.500,1.5,16.3,9.2,8.6,1.0,1.0,27.4,12.4,,-0.1,0.1,0.0,-0.010,,-5.0,-0.2,-5.1,-0.1
437,Anthony Tolliver\tollian01,PF,33,MIN,30,453,9.2,.615,.880,.240,2.3,12.2,7.2,5.0,1.2,1.9,14.0,12.0,,0.3,0.3,0.6,.063,,-0.5,-0.6,-1.1,0.1
438,Karl-Anthony Towns\townska01,C,23,MIN,45,1494,23.9,.597,.283,.317,10.4,29.2,19.6,14.4,1.3,4.8,13.3,27.3,,3.2,2.1,5.3,.171,,3.0,2.3,5.3,2.7
439,Gary Trent\trentga02,SG,20,POR,7,33,3.2,.373,.471,.235,0.0,12.5,6.4,4.3,0.0,2.4,5.1,25.5,,-0.1,0.0,-0.1,-0.125,,-7.9,-4.4,-12.3,-0.1
440,Allonzo Trier\trieral01,SG,23,NYK,37,807,11.3,.541,.210,.378,2.1,11.5,6.6,12.5,0.8,1.4,15.9,20.8,,0.0,0.2,0.1,.008,,-2.9,-1.8,-4.7,-0.5
441,P.J. Tucker\tuckepj01,PF,33,HOU,45,1594,9.5,.559,.714,.151,4.6,15.8,10.0,5.0,1.9,1.0,10.5,10.2,,1.3,1.1,2.4,.074,,-0.4,0.8,0.4,1.0
442,Evan Turner\turneev01,PG,30,POR,46,1129,11.8,.509,.127,.230,2.9,17.3,10.3,22.5,1.1,1.0,18.2,16.8,,0.2,1.1,1.3,.056,,-2.3,0.9,-1.4,0.2
443,Myles Turner\turnemy01,C,22,IND,40,1116,17.9,.567,.189,.232,5.7,22.1,14.1,8.8,1.0,8.9,11.8,20.2,,0.9,2.4,3.2,.139,,-1.9,4.8,2.9,1.4
444,Ekpe Udoh\udohek01,C,31,UTA,29,162,16.4,.724,.000,.375,6.8,16.0,11.5,11.1,0.9,6.5,17.7,12.1,,0.3,0.3,0.6,.181,,-1.3,4.2,2.9,0.2
445,Tyler Ulis\ulisty01,PG,23,CHI,1,1,0.0,,,,0.0,0.0,0.0,0.0,0.0,0.0,,0.0,,0.0,0.0,0.0,-0.015,,-7.2,-0.2,-7.4,0.0
446,Jonas Valanciunas\valanjo01,C,26,TOR,30,564,25.0,.639,.116,.363,10.6,30.3,20.7,8.4,1.1,3.3,11.5,25.9,,1.7,1.0,2.7,.227,,1.0,0.4,1.3,0.5
447,Fred VanVleet\vanvlfr01,PG,24,TOR,42,1120,13.2,.522,.501,.191,1.7,8.8,5.3,22.9,1.6,0.8,11.3,17.7,,1.3,1.1,2.4,.101,,0.6,-0.7,-0.1,0.5
448,Noah Vonleh\vonleno01,PF,23,NYK,44,1157,15.1,.574,.319,.379,7.5,27.2,16.9,11.2,1.5,2.9,15.1,14.3,,1.4,1.2,2.5,.105,,-0.7,2.1,1.4,1.0
449,Nikola Vucevic\vucevni01,C,28,ORL,45,1396,25.6,.577,.192,.170,8.9,33.3,20.9,22.9,1.5,2.9,10.0,27.9,,2.9,2.3,5.2,.178,,3.4,3.0,6.4,3.0
450,Dwyane Wade\wadedw01,SG,37,MIA,35,889,15.1,.516,.317,.272,3.5,11.6,7.6,26.6,1.2,1.7,14.3,26.5,,0.2,0.9,1.1,.060,,-0.2,-0.7,-0.9,0.3
451,Moritz Wagner\wagnemo01,C,21,LAL,14,96,11.1,.492,.457,.239,5.5,19.6,12.8,10.3,1.0,1.6,12.1,25.0,,-0.1,0.1,0.1,.032,,-3.4,-1.7,-5.1,-0.1
452,Dion Waiters\waitedi01,SG,27,MIA,7,108,13.7,.516,.574,.093,1.0,15.6,8.3,21.9,0.9,0.8,9.6,24.6,,0.0,0.1,0.1,.054,,0.3,-2.3,-2.1,0.0
453,Kemba Walker\walkeke02,PG,28,CHO,45,1536,21.3,.559,.452,.271,1.7,11.9,6.7,27.7,1.7,1.2,10.4,31.4,,2.7,1.3,4.0,.124,,4.8,-1.5,3.3,2.0
454,Lonnie Walker\walkelo01,SG,20,SAS,1,5,20.0,.750,.500,.000,0.0,21.7,11.0,0.0,0.0,0.0,0.0,17.7,,0.0,0.0,0.0,.179,,1.6,-7.3,-5.8,0.0
455,John Wall\walljo01,PG,28,WAS,32,1104,18.3,.527,.306,.317,1.5,10.2,5.8,39.7,2.1,2.2,16.1,29.0,,0.5,0.7,1.2,.051,,1.1,-1.1,0.0,0.5
456,Tyrone Wallace\wallaty01,PG,24,LAC,35,376,9.2,.460,.094,.252,4.4,12.5,8.6,8.1,1.9,1.4,9.9,19.4,,-0.3,0.3,0.0,-0.003,,-4.3,-0.7,-5.0,-0.3
457,Taurean Waller-Prince\princta02,SF,24,ATL,24,650,11.7,.558,.534,.201,1.6,14.7,8.0,11.7,1.9,1.1,16.0,22.6,,-0.1,0.5,0.3,.024,,-1.3,-1.3,-2.6,-0.1
458,Brad Wanamaker\wanambr01,PG,29,BOS,20,165,13.8,.558,.415,.226,0.6,11.1,5.8,25.2,2.4,0.0,15.9,18.2,,0.2,0.2,0.4,.118,,-1.3,-1.3,-2.7,0.0
459,T.J. Warren\warretj01,SF,25,PHO,41,1306,16.7,.578,.295,.199,2.5,12.4,7.3,7.7,1.8,1.9,7.1,23.1,,1.6,0.7,2.2,.083,,0.5,-1.6,-1.2,0.3
460,Yuta Watanabe\watanyu01,SG,24,MEM,7,47,7.5,.448,.308,.462,0.0,25.0,12.2,9.6,1.1,2.0,16.1,18.2,,-0.1,0.1,0.0,-0.040,,-8.2,-0.1,-8.3,-0.1
461,Thomas Welsh\welshth01,C,22,DEN,9,33,13.8,.643,.700,.200,0.0,13.2,6.6,16.8,0.0,0.0,8.4,15.5,,0.1,0.0,0.1,.134,,1.1,-4.0,-3.0,0.0
462,Russell Westbrook\westbru01,PG,30,OKC,37,1315,20.0,.475,.240,.290,4.1,27.3,15.4,46.0,3.3,0.8,16.6,31.4,,-0.2,2.9,2.6,.097,,1.2,4.5,5.7,2.6
463,Derrick White\whitede01,PG,24,SAS,38,930,13.8,.574,.269,.239,1.9,12.4,7.2,19.8,1.9,1.5,16.1,16.5,,0.9,0.9,1.8,.093,,-0.1,0.5,0.5,0.6
464,Okaro White\whiteok01,PF,26,WAS,3,6,-4.5,.000,1.000,.000,18.0,18.6,18.3,0.0,0.0,0.0,0.0,14.2,,0.0,0.0,0.0,-0.254,,-11.1,-8.2,-19.3,0.0
465,Hassan Whiteside\whiteha01,C,29,MIA,38,981,20.9,.525,.039,.405,15.0,35.1,25.0,5.4,1.0,8.1,11.9,22.4,,0.5,2.3,2.8,.136,,-3.7,3.1,-0.6,0.4
466,Andrew Wiggins\wiggian01,SF,23,MIN,41,1403,12.4,.496,.301,.272,3.0,10.3,6.6,10.0,1.5,1.4,8.8,24.1,,-0.2,0.8,0.6,.021,,-1.6,-1.3,-2.8,-0.3
467,Alan Williams\willial03,PF,26,BRK,1,9,45.2,.694,.000,1.000,23.8,72.5,48.0,45.3,0.0,0.0,14.8,32.2,,0.1,0.0,0.1,.427,,10.6,5.4,16.0,0.0
468,C.J. Williams\willicj01,SG,28,MIN,6,53,-1.9,.357,.429,.000,0.0,4.1,2.0,7.5,0.9,0.0,17.6,13.5,,-0.1,0.0,-0.1,-0.116,,-7.4,-2.8,-10.2,-0.1
469,Johnathan Williams\willijo04,C,23,LAL,7,89,10.4,.518,.000,.250,13.0,11.1,12.0,5.9,0.5,3.6,8.3,11.3,,0.1,0.1,0.2,.109,,-2.2,1.1,-1.2,0.0
470,Kenrich Williams\willike04,SF,24,NOP,12,66,1.5,.397,.278,.111,4.9,12.5,8.8,3.7,0.7,0.0,13.7,13.7,,-0.1,0.0,-0.1,-0.055,,-6.1,-2.9,-9.0,-0.1
471,Lou Williams\willilo02,SG,32,LAC,40,1019,21.0,.559,.247,.415,1.8,9.3,5.7,31.5,1.1,0.3,12.1,31.7,,2.0,0.4,2.5,.115,,2.9,-3.0,0.0,0.5
472,Marvin Williams\willima02,PF,32,CHO,44,1207,13.2,.560,.591,.151,3.7,18.4,11.0,6.2,1.6,2.4,5.7,14.9,,1.4,1.3,2.7,.107,,0.4,0.7,1.0,0.9
473,Robert Williams\williro04,C,21,BOS,21,185,20.8,.736,.000,.286,10.9,20.9,15.9,3.0,1.6,14.1,16.9,11.1,,0.4,0.5,0.9,.222,,-2.0,7.7,5.7,0.4
474,Troy Williams\willitr02,SF,24,SAC,18,286,11.2,.550,.471,.172,3.2,17.0,10.0,4.6,1.6,2.4,7.9,14.8,,0.2,0.3,0.5,.076,,-1.7,-0.1,-1.8,0.0
475,D.J. Wilson\wilsodj01,PF,22,MIL,17,311,14.5,.592,.466,.193,6.4,22.0,14.7,7.2,1.2,3.1,7.7,14.0,,0.5,0.6,1.1,.163,,-0.5,1.8,1.3,0.3
476,Justise Winslow\winslju01,PF,22,MIA,39,1124,13.1,.512,.329,.207,3.3,16.2,9.7,21.9,1.8,0.9,14.7,20.8,,0.2,1.5,1.6,.069,,-1.0,0.7,-0.2,0.5
477,Christian Wood\woodch01,PF,23,MIL,6,37,23.7,.636,.235,.353,11.9,31.7,22.4,8.2,0.0,0.0,9.2,24.7,,0.1,0.1,0.2,.233,,0.4,-3.2,-2.8,0.0
478,Delon Wright\wrighde01,PG,26,TOR,43,790,14.7,.529,.322,.161,4.8,9.6,7.2,16.6,2.4,1.4,9.9,16.5,,1.0,1.0,2.0,.120,,0.2,1.0,1.2,0.6
479,Guerschon Yabusele\yabusgu01,PF,23,BOS,26,152,10.7,.507,.395,.279,8.4,10.6,9.5,8.9,1.9,4.1,15.7,16.3,,0.0,0.2,0.3,.083,,-2.7,1.6,-1.1,0.0
480,Nick Young\youngni01,SG,33,DEN,4,37,2.4,.500,.889,.000,0.0,3.0,1.5,6.8,0.0,2.4,18.2,12.8,,0.0,0.0,0.0,-0.024,,-4.1,-2.9,-7.0,0.0
481,Thaddeus Young\youngth01,PF,30,IND,45,1360,16.3,.568,.133,.187,8.4,13.5,11.0,8.5,2.5,1.3,9.7,17.9,,1.7,2.3,4.0,.142,,0.5,1.7,2.2,1.4
482,Trae Young\youngtr01,PG,20,ATL,45,1338,12.8,.504,.374,.300,2.3,8.8,5.5,37.1,1.4,0.7,20.6,27.2,,-0.7,0.5,-0.2,-0.008,,-1.3,-2.8,-4.1,-0.7
483,Cody Zeller\zelleco01,C,26,CHO,35,857,16.5,.618,.069,.329,9.0,18.4,13.7,12.4,1.4,2.8,14.5,15.5,,1.7,0.9,2.7,.149,,0.4,1.9,2.3,0.9
484,Ante Zizic\zizican01,C,22,CLE,31,418,17.1,.586,.000,.465,10.9,23.7,17.1,6.4,0.6,2.3,11.9,18.7,,0.7,0.1,0.8,.092,,-1.9,-2.1,-4.0,-0.2
485,Ivica Zubac\zubaciv01,C,21,LAL,26,359,21.7,.659,.000,.338,11.5,21.2,16.5,7.5,0.5,4.4,11.3,19.5,,1.1,0.5,1.6,.215,,0.0,0.8,0.8,0.3